phs_net_dischar,phs_dischar,phs_char,phs_net_char,bat_net_dischar,bat_dischar,bat_char,bat_net_char,coal,gas,bio,nuclear,upv,dpv,onshore,offshore,hydro,trans_in,trans_out,trans_net_in,trans_net_out,dem,Solar PV,Wind,Demand,Coal,Gas,Biomass,Nuclear,Hydropower,Storage Discharge,Storage Charge,area_sum,dem_charge
0.8987732140194923,1.0066259997018314,1.1852495563518728,1.0548721051531669,12.167931537456736,12.532969483580443,15.53168829659329,15.065737647695489,3.0354320787941282,9.166085152697187,2.5612245503739435,31.136144988903276,30.258331361904023,12.612231731230747,52.30188242325782,14.795826008560983,11.480505557281782,71.9734975157402,74.14114412451383,36.283948403568125,38.45159501234177,159.69644999999997,42.87056309313477,67.0977084318188,159.69644999999997,3.0354320787941282,9.166085152697187,2.5612245503739435,31.136144988903276,11.480505557281782,13.066704751476228,16.71693785294516,180.41436860448013,176.4133878529451
0.9259684248161826,1.0370846357941244,1.2881418682043797,1.146446262701898,13.665615216902882,14.075583673409968,14.722109195777069,14.280445919903757,1.4945061760032063,7.35420476395564,2.3959369126050496,30.776776962117573,30.213421266833294,12.796740263940308,50.07701416374871,15.057447677903845,13.247561200718533,73.08283038675084,75.29774610027515,35.19815870372664,37.41307441725097,156.67954999999998,43.0101615307736,65.13446184165255,156.67954999999998,1.4945061760032063,7.35420476395564,2.3959369126050496,30.776776962117573,13.247561200718533,14.591583641719062,16.010251063981446,178.0051930295452,172.68980106398143
0.8682290342213401,0.9724165183279011,1.1502222889658187,1.0236978371795786,12.674786181644848,13.055029767094194,14.839743571807322,14.394551264653101,1.4968872551738048,8.888580938089294,2.6402611135357,30.664490411058587,29.716778512972365,12.598182402868138,55.13967423746032,13.639374300576556,12.047919653901946,64.60692848091462,66.50074651905089,35.893253937130304,37.78707197526659,159.58520999999996,42.3149609158405,68.77904853803688,159.58520999999996,1.4968872551738048,8.888580938089294,2.6402611135357,30.664490411058587,12.047919653901946,13.543015215866188,15.98996586077314,180.3751640415029,175.5751758607731
1.0440549717390615,1.169341568347749,1.107248959630328,0.9854515740709919,14.736678806239123,15.1787791704263,14.615395805983532,14.176933931804028,1.8806370512386732,9.893455031589506,2.9636412666881418,30.63256150887106,30.01443555307236,11.928907941389829,55.209849315791516,12.01766612384255,14.616657919766883,71.42472691434494,73.51788345109472,36.25696023179408,38.35011676854386,165.885,41.94334349446219,67.22751543963406,165.885,1.8806370512386732,9.893455031589506,2.9636412666881418,30.63256150887106,14.616657919766883,15.780733777978185,15.72264476561386,184.9385454902287,181.60764476561386
2.7331704438691373,3.061150897133434,0.5982678322974055,0.5324583707446909,14.44007287645777,14.873275062751505,14.174864524438808,13.749618588705644,1.6673008867189054,8.855452783870836,2.877832773408517,31.172877746143193,31.078155015974634,11.987212033827632,52.02652058274332,12.473538180837355,16.49414256860117,68.81369573069165,70.85125662074094,35.5565330773848,37.5940939674341,165.96120000000002,43.06536704980226,64.50005876358068,165.96120000000002,1.6673008867189054,8.855452783870836,2.877832773408517,31.172877746143193,16.49414256860117,17.173243320326907,14.773132356736213,185.80627589245245,180.73433235673625
0.973967727390435,1.0908438546772874,0.7262960834782004,0.6464035142955985,13.9379228125298,14.356060496905695,15.38434104868266,14.922810817222183,1.4952769884968689,7.7025617322057816,2.634387170066583,30.487746883929525,31.064814615793015,12.76667427277198,63.88217963309481,13.659588131669912,12.93340745254319,75.00323367939805,77.2039108928824,38.79669055367696,40.99736776716131,167.18615999999997,43.83148888856499,77.54176776476473,167.18615999999997,1.4952769884968689,7.7025617322057816,2.634387170066583,30.487746883929525,12.93340745254319,14.911890539920236,16.11063713216086,191.53852742049187,183.29679713216083
0.6784987264267083,0.7599185735979134,1.1241766059737937,1.000517179316676,13.829851094481292,14.244746627315731,14.930612017576951,14.482693657049646,1.4926296960442704,7.784851274045253,2.6118971828883057,30.47310544820835,31.106982402570164,12.631248067101259,67.1739260126073,13.133348188117735,11.26522824286083,74.08615768680109,76.24506527251417,39.61806795715716,41.776975542870254,168.34284,43.73823046967142,80.30727420072502,168.34284,1.4926296960442704,7.784851274045253,2.6118971828883057,30.47310544820835,11.26522824286083,14.508349820907998,16.054788623550746,192.18156633535145,184.39762862355076
0.666370186955545,0.7463346093902106,1.3375504912778393,1.1904199372372768,13.255147680340354,13.652802110750567,15.17320529555271,14.718009136686133,1.4900240282688741,6.7117808318608345,2.569085457761103,29.968981034004173,30.508994184705426,12.899477324970528,63.18228345788797,14.86557352812208,10.606407795284781,67.9749203267015,69.93458636845585,37.910009520503934,39.869675562258315,164.82612,43.408471509675955,78.04785698601005,164.82612,1.4900240282688741,6.7117808318608345,2.569085457761103,29.968981034004173,10.606407795284781,13.921517867295897,16.510755786830554,186.72412551016166,181.33687578683055
0.8433974125062851,0.9446051020070395,1.2019353222392082,1.069722436792895,13.528606480085992,13.93446467448857,15.57687571891063,15.109569447343313,1.491336510323831,7.305946707813952,2.699412635311489,30.127086133290923,31.224293548428577,12.73064829955459,54.93783616085677,14.459291067439752,10.990295088356678,61.72884713491708,63.52366757944418,35.699998367527726,37.494818812054824,159.68462999999997,43.954941847983164,69.39712722829653,159.68462999999997,1.491336510323831,7.305946707813952,2.699412635311489,30.127086133290923,10.990295088356678,14.372003892592277,16.77881104114984,180.33815004396885,176.46344104114982
1.1326302057961013,1.2685458304916337,1.0167030067987533,0.9048656760508904,15.053475805983997,15.505080080163516,14.608893964436218,14.170627145503133,1.7157978613613947,10.67012586858486,3.021280754653856,30.3851828937492,31.431093934007603,12.90547800711969,47.56338406024137,10.952055752791068,16.055563114710605,59.561829352999055,61.27787388103879,33.581778830427716,35.29782335846745,161.49917,44.33657194112729,58.515439813032444,161.49917,1.7157978613613947,10.67012586858486,3.021280754653856,30.3851828937492,16.055563114710605,16.1861060117801,15.625596971234971,180.88606825899973,177.12476697123498
0.9372641112478047,1.0497358045975413,0.6693292801925961,0.5957030593714105,13.912395806961618,14.329767681170464,14.226187466972975,13.799401842963787,2.1271692501254758,11.127856543657531,3.127526720878263,31.1277675200959,31.463699452473378,12.634611142240615,51.66763872490222,10.096022357312005,16.051702391220847,69.06912791112339,71.07428634552183,36.985328837311535,38.99048727170998,166.71782,44.098310594714,61.76366108221422,166.71782,2.1271692501254758,11.127856543657531,3.127526720878263,31.1277675200959,16.051702391220847,14.849659918209422,14.895516747165571,184.27365402111565,181.61333674716553
0.9009512020091541,1.009065346250253,1.7093766397171113,1.521345209348229,15.4077116309461,15.869942979874484,16.387542780551563,15.895916497135014,1.6108900651669582,8.895505330510298,2.7258949895229287,31.146258754857367,31.315665111543705,13.272077958961638,53.484532085880915,13.096733326523992,15.45062694779078,73.5436821013236,75.68366987404589,38.619823973839786,40.75981174656206,166.52765,44.58774307050534,66.5812654124049,166.52765,1.6108900651669582,8.895505330510298,2.7258949895229287,31.146258754857367,15.45062694779078,16.308662832955257,18.096919420268673,187.30684740371382,184.62456942026867
1.409012265013282,1.578093736814876,1.360517722435043,1.2108607729671883,15.157510847990185,15.612236173429887,16.761370475567535,16.258529361300507,1.4907663387971013,10.395131511402264,2.1667116882091877,30.4192829729322,31.741254034018645,13.676860184310232,56.55286526002168,13.222709471047432,13.22792700582151,79.38631234807464,81.76371148417478,37.36780070798188,39.745199844082016,167.15401999999997,45.418114218328874,69.77557473106911,167.15401999999997,1.4907663387971013,10.395131511402264,2.1667116882091877,30.4192829729322,13.22792700582151,16.566523113003466,18.121888198002576,189.46003157956372,185.27590819800255
1.2745487378216052,1.427494586360198,2.236126476568173,1.990152564145674,14.308971612163678,14.738240760528589,15.927804457418329,15.449970323695778,1.4811212235092484,9.251890774752495,2.4075428575277673,30.084925882238533,31.50137121605725,13.374359278671085,63.87392694305172,13.446791273798802,8.332264231798943,85.60459084143693,88.17579287795841,41.71140321966625,44.28260525618774,167.63277,44.875730494728344,77.32071821685052,167.63277,1.4811212235092484,9.251890774752495,2.4075428575277673,30.084925882238533,8.332264231798943,15.583520349985282,18.163930933986503,189.33771403139113,185.7967009339865
1.301843917987131,1.4580651881455868,2.762686639227216,2.4587911089122216,14.656021879715174,15.09570253610663,14.511308323074285,14.075969073382055,1.4779446081302066,8.058221981005222,2.446186206371457,30.715166309991883,31.87359399114704,13.313014500601376,58.80583588802086,14.631771290105618,7.106614613809265,72.74059430968968,74.88603559226213,38.042239745761464,40.187681028333905,163.60916999999998,45.18660849174841,73.43760717812648,163.60916999999998,1.4779446081302066,8.058221981005222,2.446186206371457,30.715166309991883,7.106614613809265,15.957865797702306,17.2739949623015,184.38621518688524,180.8831649623015
1.0264265576148188,1.1495977445285974,2.433655857046358,2.1659537127712585,14.512030552370685,14.947391468941806,16.040861384711302,15.559635543169964,1.4822582334844547,7.0901243100053115,2.2524425587371755,30.615008459377254,32.009616806496126,13.76244457404107,54.66975651857322,14.96503224626931,7.8421287987137,72.39750566379054,74.51063729523686,37.48678801479186,39.59991964623819,157.96967999999998,45.77206138053719,69.63478876484254,157.96967999999998,1.4822582334844547,7.0901243100053115,2.2524425587371755,30.615008459377254,7.8421287987137,15.538457109985503,18.474517241757663,180.22726961568313,176.44419724175765
1.0273552515154758,1.150637881697333,1.7048153583033274,1.5172856688899612,14.290478995304968,14.719193365164118,16.381108658510726,15.889675398755404,1.487872815956727,7.7375524069416635,2.2436006603404213,30.611072562544297,32.36968760490881,14.614249070166986,53.148234183803595,14.605843858109177,10.036178723279226,72.15709398784138,74.31358773741252,36.850242798770445,39.00673654834159,159.68807999999999,46.983936675075796,67.75407804191278,159.68807999999999,1.487872815956727,7.7375524069416635,2.2436006603404213,30.611072562544297,10.036178723279226,15.317834246820444,18.085924016814054,182.17212613287134,177.77400401681405
2.603050865603027,2.9154169694753906,0.920073893056024,0.8188657648198614,15.911422625430264,16.388765304193175,16.071935834689395,15.589777759648713,1.7080245364938507,8.598493975706068,2.8905229588504087,30.712595577028885,32.52698325711371,14.123850673580684,52.52842058496905,11.442658805705024,13.406165715233303,71.7599875883043,73.88440835142231,36.539517546673835,38.66393830979184,165.06723999999997,46.6508339306944,63.97107939067408,165.06723999999997,1.7080245364938507,8.598493975706068,2.8905229588504087,30.712595577028885,13.406165715233303,18.514473491033293,16.99200972774542,186.45218957571427,182.05924972774537
1.4175933828220069,1.5877045887606482,1.021097167647321,0.9087764792061157,14.943878176796233,15.39219452210012,16.01556979254932,15.535102698772844,2.122377903468173,9.132181766585374,3.00675086014542,30.627602912637773,32.721506909317796,13.39236559241392,56.37698402323438,9.977253032024555,12.068792378661303,72.23337066533021,74.32964091630147,37.710618939540225,39.806889190511484,164.78043,46.11387250173171,66.35423705525895,164.78043,2.122377903468173,9.132181766585374,3.00675086014542,30.627602912637773,12.068792378661303,16.361471559618238,17.036666960196644,185.78728693810694,181.81709696019664
2.1691638881718855,2.429463554752511,3.02881939914213,2.6956492652364954,13.740838001996769,14.153063142056672,14.72950084712526,14.287615821711505,1.6024091788377697,10.251823310998006,2.8905773599884896,30.431338809613152,32.75917501578615,14.071052005363645,58.94371287847711,13.180956249391548,9.432920838511912,72.94569450274153,75.11745293209601,37.32556137906673,39.49731980842118,165.87652,46.830227021149796,72.12466912786866,165.87652,1.6024091788377697,10.251823310998006,2.8905773599884896,30.431338809613152,9.432920838511912,15.910001890168655,17.75832024626739,189.47396753713645,183.6348402462674
1.488962584984264,1.667638095182376,3.7287587035911143,3.3185952461960926,13.59870783379368,14.00666906880749,14.754392551244653,14.311760774707313,1.5376333674757392,8.219229683521933,2.9557453169482577,29.87680599961341,32.812584765608726,14.07403782413961,67.34850015648367,12.601915323886075,7.764953358025225,82.59753044043762,85.02883383314564,41.51579602191645,43.94709941462446,167.14529,46.88662258974834,79.95041548036974,167.14529,1.5376333674757392,8.219229683521933,2.9557453169482577,29.87680599961341,7.764953358025225,15.087670418777943,18.483151254835768,192.2790762144806,185.62844125483576
1.025344672798001,1.1483860335337608,1.707560979575298,1.5197292718220154,13.955648259767516,14.37431770756054,14.600798030780219,14.16277408985681,1.5886874770507164,8.67699644304163,3.046821644508249,30.059132282003656,32.920518893908934,14.419304843414796,56.822721136838084,12.411831327849464,11.788409453086729,68.24879620401924,70.24957855192962,36.92008067521298,38.92086302312335,163.89746,47.339823737323734,69.23455246468754,163.89746,1.5886874770507164,8.67699644304163,3.046821644508249,30.059132282003656,11.788409453086729,14.980992932565517,16.308359010355517,186.71541643426778,180.20581901035553
2.5888376878977777,2.899498210445511,1.0963614574437992,0.9757616971249813,14.312800323430793,14.74218433313372,15.229376949432636,14.772495640949657,1.588989948988907,8.793347291339188,2.6074247052111086,29.660509088163497,33.561629728093415,14.927496076460088,46.82721470933779,11.263119281844862,14.779383269001812,59.58337174504394,61.287185577009204,32.28440609662986,33.98821992859512,158.90893,48.4891258045535,58.090333991182646,158.90893,1.588989948988907,8.793347291339188,2.6074247052111086,29.660509088163497,14.779383269001812,16.901638011328572,16.325738406876436,180.91075210976925,175.2346684068764
1.2422576186595207,1.391328532898663,2.2196560024727163,1.9754938422007173,14.081542708717874,14.50398898997941,16.533372977730334,16.037371788398424,1.5034763185005813,9.223780053713012,2.658056650159613,29.720479913892095,33.590312519682776,15.142204136392538,51.4248420488636,10.695137465631635,14.652728360721976,60.54899111122933,62.25212823569096,32.866939892678474,34.57007701714009,161.35147999999998,48.73251665607531,62.119979514495235,161.35147999999998,1.5034763185005813,9.223780053713012,2.658056650159613,29.720479913892095,14.652728360721976,15.323800327377395,18.75302898020305,183.93481779493524,180.10450898020304
2.0165845709967054,2.25857471951631,0.9316542228491349,0.82917225833573,16.40728785496232,16.899506490611195,15.79493057618849,15.321082658902835,1.5227907090893489,10.217572524324869,3.0233033385663135,30.49707584221407,33.80327812891727,14.233243715688772,47.39807344414749,11.607079932343257,15.740284372486142,60.638887209127354,62.37314230990397,33.74415193319493,35.47840703397156,166.95602,48.03652184460605,59.005153376490746,166.95602,1.5227907090893489,10.217572524324869,3.0233033385663135,30.49707584221407,15.740284372486142,18.42387242595903,16.726584799037624,186.46657443373655,183.68260479903762
1.2776194390950912,1.4309337717865023,2.1667931408331964,1.9284458953415449,15.104645559894168,15.557784926690998,16.359287987318265,15.86850934769872,1.4880544439350862,8.072197197670476,3.171558450623051,30.986995505204384,32.91038173868307,14.570148301797312,58.11874391068109,14.264896026835189,8.127351386481616,76.66042242168189,78.89644343179202,38.9967232399293,41.232744250039445,166.56569,47.48053004048039,72.38363993751628,166.56569,1.4880544439350862,8.072197197670476,3.171558450623051,30.986995505204384,8.127351386481616,16.38226499898926,18.52608112815146,188.09259196090053,185.09177112815146
1.7727358343523758,1.9854641344746615,3.7413101687076855,3.3297660501498396,14.695533045049443,15.136399036400926,15.444768585454245,14.981425527890616,1.5526083909335593,7.138559350224322,2.780610464835928,29.909276172874748,32.16769848738348,14.211038131910668,67.65514966470496,12.346237388180654,7.543146249672764,79.79249360574877,82.15478725894427,41.05413814679304,43.41643179998854,167.72687999999997,46.37873661929415,80.00138705288562,167.72687999999997,1.5526083909335593,7.138559350224322,2.780610464835928,29.909276172874748,7.543146249672764,16.46826887940182,19.18607875416193,191.7725931801229,186.9129587541619
1.4187877828547353,1.5890423167973033,3.1163756149380193,2.773574297294837,13.840528145731193,14.255743990103127,15.907935027373055,15.430696976551864,1.7854137933922893,5.143509824669234,2.5184065949886723,29.45442871057237,33.08898884232642,14.270326523914356,78.36552973557812,11.313529329745924,6.307214777893398,86.50492078399307,89.0667542619116,44.135922357500505,46.69775583541902,169.00862999999995,47.35931536624077,89.67905906532405,169.00862999999995,1.7854137933922893,5.143509824669234,2.5184065949886723,29.45442871057237,6.307214777893398,15.259315928585927,19.02431064231108,197.5066640616667,188.03294064231105
1.6530118695593436,1.8513732939064653,1.5735014186330232,1.4004162625833907,15.899146421174281,16.376120813809507,16.80321657090973,16.299120073782433,1.915528756770377,5.202700600413357,2.5931015182964825,29.851221975764354,33.69573248487981,14.318669512744075,64.62000993660513,10.477359252083849,8.498686970381895,76.91425231573153,79.22693000121063,40.034463188322114,42.34714087380121,165.07790999999997,48.014401997623885,75.09736918868897,165.07790999999997,1.915528756770377,5.202700600413357,2.5931015182964825,29.851221975764354,8.498686970381895,17.552158290733622,18.37671798954275,188.72516929867297,183.45462798954273
2.8383134333636555,3.178911045367294,1.1243139038253036,1.0006393744045203,15.372407739989495,15.83357997218918,15.274168878793878,14.815943812430062,2.1167560131613006,5.826376202569146,2.4338902964179,29.894749433369952,33.42282036043069,13.073480773961096,56.98735689857667,10.525101046444554,8.715174502020616,70.28272252898611,72.3894791583588,38.72732754945695,40.83408417882965,159.35037,46.496301134391786,67.51245794502123,159.35037,2.1167560131613006,5.826376202569146,2.4338902964179,29.894749433369952,8.715174502020616,18.21072117335315,16.398482782619183,181.2064267003051,175.7488527826192
1.6472927869040355,1.84496792133252,2.7085104023050204,2.4105742580514686,14.259376603179359,14.687157901274741,15.916695290693374,15.439194431972574,1.8164974405505239,5.111021540468219,2.134431254420978,29.466299053781714,34.07018508852863,14.097616868655907,68.68493908639581,12.364688491795707,5.534584944776917,77.3495881135576,79.69317600974084,41.49613489830958,43.83972279449281,161.12876,48.167801957184544,81.04962757819152,161.12876,1.8164974405505239,5.111021540468219,2.134431254420978,29.466299053781714,5.534584944776917,15.906669390083394,18.625205692998392,189.18693315945782,179.7539656929984
1.8303785644537116,2.0500239921881573,3.4917003296946856,3.107613293428269,14.192310484175252,14.61807979870051,15.949568953562009,15.471081884955149,1.6017281866361173,5.006707979973795,1.7385614864225356,29.670183216145897,35.15158751041347,15.401976006866088,68.52643934820082,13.980119577007144,6.434824581846436,76.21282177170758,78.50051810304025,41.72002030794451,44.007716639277184,166.01933999999997,50.55356351727955,82.50655892520797,166.01933999999997,1.6017281866361173,5.006707979973795,1.7385614864225356,29.670183216145897,6.434824581846436,16.022689048628962,19.441269283256695,193.53481694214125,185.46060928325667
2.148148662778715,2.405926502312161,2.493233435331557,2.2189777574450855,14.854874576425761,15.300520813718535,15.375824986214079,14.914550236627656,2.1161126101934578,5.21002016713632,2.068445357026864,30.052571706490966,34.15146961890288,14.157154004958567,71.3803511120796,10.713496667896885,7.030770546503944,77.44664546781297,79.75016117385152,41.35436267637642,43.65787838241497,166.52389,48.30862362386144,82.09384777997649,166.52389,2.1161126101934578,5.21002016713632,2.068445357026864,30.052571706490966,7.030770546503944,17.003023239204474,17.86905842154564,193.88341503039396,184.3929484215456
2.95769987533773,3.312623860378258,2.144035627842934,1.908191708780212,15.520072402470577,15.985674574544696,15.822517620110288,15.347842091506978,2.116744777520312,5.8420319021061875,2.648431617637155,30.372124836379545,35.179731126525226,14.360370948923368,66.92607369500962,8.834137050676707,7.5165857512637775,77.69606267350332,79.99822016065907,40.02087643498244,42.32303392213821,167.38795999999996,49.540102075448594,75.76021074568634,167.38795999999996,2.116744777520312,5.8420319021061875,2.648431617637155,30.372124836379545,7.5165857512637775,18.47777227780831,17.96655324795322,192.2740039838502,185.35451324795318
1.410461786565737,1.5797172009536258,4.191127534343352,3.7301035055655833,15.067899961042109,15.519936959873375,16.63227440495133,16.133306172802786,1.6086099090410517,5.896452480881636,2.5140180843406044,30.104508017015394,35.33858625114341,15.206588051463823,65.01727638812439,11.236089555401234,9.312759044745421,73.25688947480616,75.46656878962789,38.68185959050147,40.89153890532319,165.55662999999998,50.545174302607236,76.25336594352561,165.55662999999998,1.6086099090410517,5.896452480881636,2.5140180843406044,30.104508017015394,9.312759044745421,16.478361747607845,20.82340193929468,192.71324952976482,186.38003193929467
3.339820374016489,3.740598818898468,1.9334601405695075,1.720779525106862,15.904639637673522,16.38177882680373,15.74744607768382,15.275022695353302,2.091385729274131,7.852171830833975,2.4957055200003695,30.430889022843573,35.103168260367966,14.835627545455095,52.51548997520359,6.344448905017052,13.675394808449763,63.128659141508415,64.99396988887526,33.83295248821887,35.698263235585706,161.01748,49.93879580582306,58.859938880220646,161.01748,2.091385729274131,7.852171830833975,2.4957055200003695,30.430889022843573,13.675394808449763,19.244460011690013,17.680906218253327,184.58874160913552,178.69838621825335
1.4526195901611574,1.6269339409804968,2.1627259405291013,1.9248260870709002,14.524948882502205,14.960697348977273,15.543388065559617,15.077086423592826,2.1160124610904827,6.24632939578318,2.1132362742949167,30.03650186831402,34.65006019035466,14.140676537552931,58.40463504249883,6.888058187332787,8.84194457904694,68.21029723872363,70.2025996850459,36.76744138364913,38.759743829971406,154.84393,48.790736727907586,65.29269322983161,154.84393,2.1160124610904827,6.24632939578318,2.1132362742949167,30.03650186831402,8.84194457904694,15.977568472663362,17.70611400608872,179.4150230089321,172.5500440060887
3.01344780876726,3.375061545819332,3.9530157000014907,3.518183973001326,14.724141590943049,15.165865838671339,16.331781329299695,15.841827889420703,1.966762334003351,5.652066429643687,2.28643993947168,29.90594940321474,35.64872695729959,14.777373063605573,58.22624174902724,9.092646484671478,8.68156367330751,75.32284174597935,77.55495527053597,36.09469589429754,38.32680941885416,155.69980999999999,50.42610002090516,67.31888823369871,155.69980999999999,1.966762334003351,5.652066429643687,2.28643993947168,29.90594940321474,8.68156367330751,17.73758939971031,20.28479702930118,183.97535943395516,175.98460702930115
2.658010313569178,2.976971551197479,4.006884918782306,3.566127577716252,15.230626823554326,15.68754562826096,16.11110731377288,15.627774094359697,1.4896236397349947,6.073769925312183,2.441760055074606,29.719211300115816,35.54708613610052,14.036907486473392,58.706239074969794,11.288288957131384,9.640677234650605,72.33816363825122,74.51135804827585,37.33939518378375,39.51258959380838,159.63450999999998,49.58399362257391,69.99452803210119,159.63450999999998,1.4896236397349947,6.073769925312183,2.441760055074606,29.719211300115816,9.640677234650605,17.888637137123503,20.117992232555185,186.83220094668678,179.75250223255514
2.783590828374018,3.1176217277789005,2.8275662815766713,2.5165339906032376,14.684362114003124,15.124892977423217,16.11961690194388,15.636028394885562,1.487963013591468,6.258090591020916,2.392115498646189,30.056911783411902,35.604606520587936,14.324217412467696,58.224557152634965,12.531122178687234,9.396341920709085,72.91557756742361,75.08827596301187,36.748075137242004,38.92077353283027,159.77508,49.92882393305563,70.7556793313222,159.77508,1.487963013591468,6.258090591020916,2.392115498646189,30.056911783411902,9.396341920709085,17.467952942377142,18.94718318352055,187.74387901413454,178.72226318352054
3.208057000181132,3.5930238402028674,3.179897405899602,2.8301086912506457,15.550826785787818,16.017351589361454,15.8577760788902,15.382042796523496,1.4886776978558907,6.2120496561165535,2.504651800506666,31.072462284746365,35.39084189713893,14.096388954454994,55.12910908787143,12.398242629837524,8.758195810379156,68.82644839441554,70.84008602783979,35.70320845111672,37.716846084540975,159.92890999999997,49.48723085159392,67.52735171770895,159.92890999999997,1.4886776978558907,6.2120496561165535,2.504651800506666,31.072462284746365,8.758195810379156,18.75888378596895,19.0376734847898,185.80950360487645,178.96658348478977
2.9381357415208154,3.2907120305033137,4.09361717751848,3.6433192879914484,14.795410823627194,15.239273148336006,15.883648603796097,15.407139145682214,1.4810043449277372,5.6359885146618645,2.3159393160518684,30.224855538632,35.59917548905207,15.646534886047633,57.79000781739823,14.196854064897854,6.021673246265453,74.19291686097496,76.36142129981624,37.60777616511736,39.776280603958654,159.36856,51.245710375099705,71.98686188229608,159.36856,1.4810043449277372,5.6359885146618645,2.3159393160518684,30.224855538632,6.021673246265453,17.733546565148007,19.97726578131458,186.64557978308275,179.34582578131457
3.0580894858843126,3.425060224190431,3.0445563590056897,2.709655159515064,14.205271043815202,14.631429175129655,14.795590088252284,14.351722385604713,1.5978239284994642,5.086936407367217,2.2130844761181305,28.5605780775579,36.28959377202449,14.04862638160815,55.89428016518804,12.196990610693193,4.536135969684368,70.65724155197562,72.73289760247286,36.5704211201851,38.64607717068235,154.20543,50.33822015363264,68.09127077588123,154.20543,1.5978239284994642,5.086936407367217,2.2130844761181305,28.5605780775579,4.536135969684368,17.26336052969951,17.840146447257975,177.68741031844047,172.045576447258
2.6979979411741897,3.021757694115093,4.444141633058246,3.9552860534218395,12.267415955062184,12.635438433714052,14.024579581821945,13.603842194367287,1.5032340704720948,4.768489248000791,1.4994208580535395,21.51546012982646,36.00672701155941,13.946048688417473,65.56765492457761,14.297047748852398,4.147318254238908,67.48010156789026,69.50676168422142,35.858449470007,37.88510958633816,147.42520000000002,49.95277569997689,79.86470267343,147.42520000000002,1.5032340704720948,4.768489248000791,1.4994208580535395,21.51546012982646,4.147318254238908,14.965413896236374,18.46872121488019,178.21681483023505,165.89392121488018
3.469990260686954,3.886389091969389,4.519063408316824,4.021966433401976,12.147573535496836,12.512000741561739,14.63975712205684,14.200564408395138,1.6306400838826662,5.394921350612533,1.6666910049254222,21.214218381770273,35.72144170617487,13.48111095963874,66.34657277216483,12.754476026145216,4.308814055319602,69.88077687997303,71.9435702969888,38.51205958657929,40.574853003595074,147.85567999999998,49.202552665813606,79.10104879831005,147.85567999999998,1.6306400838826662,5.394921350612533,1.6666910049254222,21.214218381770273,4.308814055319602,15.617563796183788,19.158820530373664,178.13645013681793,167.01450053037362
3.451493698530332,3.865672942353972,4.643634825634978,4.132834994815129,13.92098195849518,14.338611417250036,14.5095299946265,14.074244094787707,2.0643615560816535,5.72793896149077,1.9918893214809863,21.697044634958406,36.35448508953794,14.788506473007052,63.27229208663074,9.720379665670174,5.032779602906429,72.03066923500413,74.15420684952385,37.338060693895564,39.46159830841528,151.85986,51.142991562544985,72.99267175230092,151.85986,2.0643615560816535,5.72793896149077,1.9918893214809863,21.697044634958406,5.032779602906429,17.372475657025507,19.153164820261477,178.02215304878965,171.01302482026148
3.167643163966015,3.547760343641937,4.246683349761619,3.7795481812878404,14.828983815891425,15.273853330368166,15.815480564761778,15.341016147818925,1.5041365166701555,6.041750482441013,2.3162986158428387,23.679270485235296,36.7473228499285,15.523481103982657,56.796825292328364,11.79811916484935,6.125232885500617,69.54463801568784,71.53572941102156,34.86802748869409,36.859118884027815,151.46175999999997,52.27080395391116,68.59494445717772,151.46175999999997,1.5041365166701555,6.041750482441013,2.3162986158428387,23.679270485235296,6.125232885500617,17.99662697985744,20.062163914523396,178.52906437663623,171.52392391452338
1.8342576133044894,2.0543685269010283,4.06714892905489,3.619762546858852,15.458855693157876,15.922621363952612,16.25220792118503,15.764641683549478,1.4793500049899246,5.845027428335217,2.515909881211223,28.150054586907494,36.9434022024816,15.555777112570986,53.38656629493656,10.54536479796974,6.038178118314688,73.36244395344428,75.52236132403571,37.25130253418147,39.411219904772906,152.34873,52.49917931505259,63.931931092906304,152.34873,1.4793500049899246,5.845027428335217,2.515909881211223,28.150054586907494,6.038178118314688,17.293113306462367,20.31935685023992,177.7527437341798,172.6680868502399
3.149153635585112,3.5270520718553255,1.6844157472694608,1.4991300150698201,16.401362880131224,16.89340376653516,17.080900484494688,16.568473469959844,1.890239887045647,6.621350151576313,2.5635477777846276,30.711580667947825,37.08216479530697,13.670023801657349,49.86552002525376,7.784307349015337,7.591426215090355,71.40765070541833,73.53443050145547,36.49948999608805,38.62626979212521,153.21157000000002,50.752188596964324,57.649827374269094,153.21157000000002,1.890239887045647,6.621350151576313,2.5635477777846276,30.711580667947825,7.591426215090355,19.550516515716332,18.765316231764146,177.33067718639452,171.97688623176415
3.480133268772412,3.8977492610251003,3.8321200833048206,3.4105868741412917,15.947826052256309,16.426260833824,16.574943087203295,16.077694794587195,2.111910151028804,7.179507443447748,2.5007318126585485,30.67181034123619,36.73823411953334,15.700242903433729,45.5959906479112,7.85027924302009,8.205075915077755,69.60594242841123,71.66642935674182,33.226880473140795,35.28736740147139,150.11595000000003,52.438477022967064,53.44626989093129,150.11595000000003,2.111910151028804,7.179507443447748,2.5007318126585485,30.67181034123619,8.205075915077755,19.42795932102872,20.407063170508117,175.98174189837613,170.52301317050814
2.321909542792703,2.600538687927828,3.9473385884671974,3.5131313437358065,14.633650490635638,15.072660005354711,15.94291676322385,15.464629260327134,1.910003848678785,5.771969732691085,2.4462965961335152,30.098343058807952,35.91397800522373,15.073629835516552,47.43853529734004,9.52597727613537,5.6018920700444506,68.66327239102179,70.65765225593165,32.41103205949793,34.40541192440779,145.22587,50.98760784074028,56.9645125734754,145.22587,1.910003848678785,5.771969732691085,2.4462965961335152,30.098343058807952,5.6018920700444506,16.955560033428345,19.89025535169105,170.73618575399985,165.11612535169104
3.031863125238125,3.3956867002666997,4.329259157439027,3.853040650120735,15.866060883326904,16.342042709826714,17.080163079290276,16.567758186911565,1.7841370961420753,5.513256765289827,2.7012164248819888,30.024009963420394,37.65820502332474,15.729426219583914,46.37411399478786,9.543545137925154,6.103586187286831,68.78583737706361,70.85995941210419,32.47276973793537,34.54689177297595,147.82494999999997,53.387631242908654,55.91765913271302,147.82494999999997,1.7841370961420753,5.513256765289827,2.7012164248819888,30.024009963420394,6.103586187286831,18.89792400856503,21.409422236729302,174.3294208212078,169.23437223672929
3.047515654121602,3.4132175326161933,2.8807972325020956,2.5639095369268645,16.076239336900585,16.558526517007603,17.000770258111952,16.49074715036859,1.5196570853365758,5.203115803517849,2.7613983675660947,30.75353728476756,37.646806693518215,16.169267894872075,46.88594304855683,10.847710462595098,7.364786482663857,62.62177286528884,64.41118556268368,32.46483707539556,34.254249772790395,154.12205,53.81607458839029,57.73365351115193,154.12205,1.5196570853365758,5.203115803517849,2.7613983675660947,30.75353728476756,7.364786482663857,19.123754991022185,19.88156749061405,178.27597811441635,174.00361749061403
2.7392835424895767,3.067997567588326,3.891784592997491,3.4636882877677677,15.645031814051483,16.11438276847303,16.780682906011027,16.27726241883069,1.4851467616576275,5.6026108478696415,2.724738657519682,29.773311057794213,37.80513928345371,16.896029495135554,50.55506272325406,10.943771434334172,8.77661883957144,64.44631762414727,66.31640873017083,34.00860093320654,35.8786920392301,155.03925999999998,54.70116877858926,61.49883415758823,155.03925999999998,1.4851467616576275,5.6026108478696415,2.724738657519682,29.773311057794213,8.77661883957144,18.384315356541062,20.672467499008516,182.94674445713116,175.7117274990085
3.1884743265291227,3.571091245712618,3.9139684407093944,3.4834319122313606,15.928536182197346,16.406392267663264,16.782880410204793,16.279393997898648,1.487621290447657,5.855588889818989,2.6606822690085226,29.88114486273444,38.69091416288461,16.965633316503187,49.30032170590783,8.985314985170962,9.846871826686897,65.39831737019422,67.33651197844405,33.01308615133327,34.95128075958311,156.65434,55.656547479387804,58.285636691078786,156.65434,1.487621290447657,5.855588889818989,2.6606822690085226,29.88114486273444,9.846871826686897,19.11701050872647,20.696848850914186,182.79110381788956,177.35118885091418
3.283807854519411,3.6778647970617393,3.988769585306465,3.550004930922754,15.517919575647072,15.983457162916483,17.308313739612746,16.78906432742436,1.4867431961287187,5.82424837996331,2.6287111347806005,29.57260454190276,39.77871471895222,17.31677021614655,50.75583477884844,10.603068107291241,9.924954328615895,71.79560779287104,73.94475870038887,36.03287543121283,38.18202633873067,158.02084,57.095484935098774,61.35890288613968,158.02084,1.4867431961287187,5.82424837996331,2.6287111347806005,29.57260454190276,9.924954328615895,18.801727430166483,21.29708332491921,186.69337683279622,179.31792332491924
2.930607641691654,3.2822805586946533,2.786326789789864,2.4798308429129787,16.103006053989542,16.586096235609226,15.987509934556996,15.507884636520284,1.7077848758409486,5.316288531461646,2.632241318809836,29.6643256112372,38.13378612295791,15.376390373688421,46.96652642753384,10.121612225102556,10.95809871755987,68.5860724073765,70.60555626635167,34.58162740570661,36.60111126468177,154.60475999999997,53.510176496646324,57.088138652636395,154.60475999999997,1.7077848758409486,5.316288531461646,2.632241318809836,29.6643256112372,10.95809871755987,19.033613695681197,18.77383672434686,179.91066789987343,173.37859672434683
2.485453894221626,2.783708361528222,4.121942852620287,3.6685291388320547,15.335739034079266,15.795811205101645,16.43902572879508,15.945854956931232,2.0943561954864043,5.333388935503565,2.4268288380282534,29.641834288032367,38.677067422108045,15.631170664525863,48.522451938038586,8.472059035150744,9.658374220799256,67.55679568273347,69.57502775821575,33.22134046893488,35.23957254441717,149.45927,54.30823808663391,56.99451097318933,149.45927,2.0943561954864043,5.333388935503565,2.4268288380282534,29.641834288032367,9.658374220799256,17.821192928300896,20.560968581415366,178.27872446597397,170.02023858141536
3.3284688289484095,3.7278850884222186,3.9612956964219492,3.5255531698155345,15.04541258170748,15.4967749591587,17.47196137482193,16.947802533577274,1.5459746482768209,6.347561212173939,2.513028640508438,29.78452874114825,39.31279819150565,16.401167138445846,47.053054150396754,9.276313484508885,10.71548628658623,65.67100611150794,67.69751265483029,32.80861119232298,34.83511773564533,151.72899999999998,55.7139653299515,56.329367634905644,151.72899999999998,1.5459746482768209,6.347561212173939,2.513028640508438,29.78452874114825,10.71548628658623,18.373881410655887,21.43325707124388,181.3237939042067,173.16225707124386
1.3419119865449938,1.5029414249303927,2.565004431768871,2.2828539442742954,15.99581621797033,16.475690704509443,16.918453569381523,16.410899962300075,1.7312733462602095,6.645576850123153,2.9739944992584615,30.874044029712284,39.341636696799874,16.151311984966917,47.16543198051638,8.568027621105879,11.68257131183127,65.16482231789745,67.09865697306412,35.62005845802127,37.55389311318795,157.19896,55.49294868176679,55.733459601622265,157.19896,1.7312733462602095,6.645576850123153,2.9739944992584615,30.874044029712284,11.68257131183127,17.337728204515322,19.483458001150396,182.47159652508975,176.6824180011504
3.2144610742538156,3.600196403164274,2.8050395559946852,2.49648520483527,16.14710533281633,16.631518492800822,16.169418985917417,15.684336416339896,2.1229088247100822,8.711582955978576,2.9620449390833476,30.94142420174219,37.89231720178693,14.646430611357792,43.25088222427656,6.896246268396747,13.129167584630578,64.56463139757267,66.4981971958405,33.87897038219985,35.8125361804677,157.12069,52.538747813144724,50.14712849267331,157.12069,2.1229088247100822,8.711582955978576,2.9620449390833476,30.94142420174219,13.129167584630578,19.361566407070146,18.974458541912103,179.91457121903295,176.09514854191212
3.0969859498385897,3.4686242638192217,3.6830811896917646,3.2779422588256706,15.533234954480378,15.99923200311479,16.508616470992127,16.013357976862363,2.085465478399656,8.21804884344282,2.6391002337053697,29.12595180432091,39.0249455068853,15.693538984737009,50.16446450647426,6.262587853942843,11.774165312914437,71.54294434113267,73.72667513051196,33.952566005462394,36.1362967948417,158.71679999999998,54.718484491622306,56.42705236041711,158.71679999999998,2.085465478399656,8.21804884344282,2.6391002337053697,29.12595180432091,11.774165312914437,18.630220904318964,20.19169766068389,183.61848942914156,178.90849766068388
2.972366310536321,3.32905026780068,3.953890957328942,3.518962952022758,15.561626080182693,16.028474862588173,17.379906510617236,16.858509315298715,1.7172222586871673,6.434474887106028,2.5072042338826397,27.562048854449955,40.1006109518221,17.8046967466432,54.438984697113106,9.83172547242848,8.073670130622618,71.32745622315359,73.51832899445931,34.735721457649625,36.92659422895535,160.27403999999999,57.9053076984653,64.27071016954159,160.27403999999999,1.7172222586871673,6.434474887106028,2.5072042338826397,27.562048854449955,8.073670130622618,18.533992390719014,21.333797467946177,187.00463062347433,181.60783746794618
3.7134374628142006,4.159049958351905,4.360006133426055,3.880405458749189,16.171971596523175,16.657130744418872,16.898331802852887,16.391381848767303,1.8525797449031558,5.514333632020574,2.48043241036199,26.324127138118932,40.164027236816935,16.306774712249858,56.93602358108959,7.84439071216507,6.935819495539668,76.48435205756877,78.83892782904344,36.29219837630664,38.6467741477813,157.11606,56.4708019490668,64.78041429325467,157.11606,1.8525797449031558,5.514333632020574,2.48043241036199,26.324127138118932,6.935819495539668,19.885409059337377,21.258337936278945,184.24391772260316,178.37439793627897
3.643977397292509,4.08125468496761,4.407377991584321,3.922566412510046,15.505835617262543,15.97101068578042,15.855755325817304,15.380082666042783,1.6651180392937297,5.171493460707313,2.2633689365923546,25.21498285142974,40.299706702700455,17.635140418064914,57.771532725219,9.804023622553181,5.258411235784665,73.74462909583184,76.00674222402911,33.85077578105992,36.112888909257194,152.25241,57.93484712076537,67.57555634777218,152.25241,1.6651180392937297,5.171493460707313,2.2633689365923546,25.21498285142974,5.258411235784665,19.149813014555054,20.263133317401625,184.2335910069004,172.51554331740164
3.0114562813472014,3.372831035108865,4.590922415550048,4.085920949839543,14.303863458230053,14.732979361976957,16.35739199556339,15.866670235696487,1.571813995103071,5.527890435662199,2.21742729460643,24.127925567546605,40.93940959481664,18.039552983936424,62.47919545918412,11.872566452412247,4.89893538667943,77.21428618270727,79.56598207456656,35.59117869314657,37.942874585005875,154.74751999999995,58.97896257875306,74.35176191159638,154.74751999999995,1.571813995103071,5.527890435662199,2.21742729460643,24.127925567546605,4.89893538667943,17.315319739577255,20.94831441111344,188.99003690952443,175.69583441111342
3.1760871737536522,3.557217634604091,4.544938528383957,4.044995290261721,15.782437595422945,16.25591072328563,16.354998111732314,15.864348168380346,1.552811425246955,5.493510612157902,2.186535770761483,24.577881937209707,40.30568991151247,17.85223077510609,60.201237068594274,10.349553012025765,7.805244473512477,75.24295027396026,77.54684630684008,36.79726180015203,39.101157833031834,159.91286,58.15792068661857,70.55079008062003,159.91286,1.552811425246955,5.493510612157902,2.186535770761483,24.577881937209707,7.805244473512477,18.958524769176595,20.89993664011627,189.28321975530372,180.81279664011626
3.6513430535721754,4.089504220000838,4.028499004658599,3.5853641141461536,15.158989455216208,15.613759138872695,16.461600633371212,15.967752614370074,2.0636820003848695,6.254974535344992,2.26727005427869,25.065823044240116,41.91033117104657,17.463826605193496,61.92509665279915,7.346377884609701,9.401002437471389,69.76502978144218,71.89724916372954,34.41353259303137,36.54575197531876,159.58369,59.37415777624006,69.27147453740885,159.58369,2.0636820003848695,6.254974535344992,2.26727005427869,25.065823044240116,9.401002437471389,18.81033250878838,20.49009963802981,192.50871689415735,180.07378963802978
3.47915230866007,3.8966505856992795,3.9404499567729565,3.5070004615279315,14.888551688525277,15.335208239181037,15.959953914290397,15.481155296861685,2.000948511672637,5.739922578323679,2.4968749308681875,26.649993803520697,41.33992593509544,17.72239640914778,60.79160904197501,6.713163433262446,6.8742537037359766,73.17734762757642,75.38414899282485,37.126068544114844,39.33286990936325,160.65773,59.06232234424321,67.50477247523744,160.65773,2.000948511672637,5.739922578323679,2.4968749308681875,26.649993803520697,6.8742537037359766,18.367703997185345,19.90040387106335,188.69679234478718,180.55813387106332
3.879213408741235,4.344719017790185,4.178879581650605,3.71920282766904,15.807014984833799,16.281225434378815,16.593213657407137,16.095417247684924,1.9173552416923916,6.007078757331226,2.378293464384057,26.148088160062233,41.533467147163805,18.638532190991267,62.485262679982704,6.879844207340772,6.765051208911644,75.8840389484561,78.18824854664581,36.94818674368187,39.2523963418716,161.04719999999998,60.171999338155075,69.36510688732348,161.04719999999998,1.9173552416923916,6.007078757331226,2.378293464384057,26.148088160062233,6.765051208911644,19.686228393575036,20.772093239057742,192.43920145143514,181.81929323905774
3.595576532141097,4.027045715998029,4.907931890590515,4.368059382625559,15.638304159843143,16.10745328463844,16.326634782252942,15.836835738785354,1.9240281773672157,5.040884132494519,1.8410086803552907,23.546786673458506,41.977348867734605,19.66198024262658,66.49588202485461,7.699643372869529,5.158423710152413,77.33384421785746,79.69748357598388,35.3220446580521,37.68568401617851,156.79208000000003,61.63932911036118,74.19552539772414,156.79208000000003,1.9240281773672157,5.040884132494519,1.8410086803552907,23.546786673458506,5.158423710152413,19.23388069198424,21.234566672843457,192.5798665738975,178.02664667284347
3.7342740542759403,4.182386940789052,4.7755620519558635,4.25025022624072,14.830445961115238,15.275359339948697,15.632111209448901,15.163147873165432,1.935201580666086,4.9028629689363745,1.4505308833955082,23.581809782645276,41.659279041324076,18.68343566020652,66.32476027765294,8.908401196616097,5.26610355731982,71.10920022160421,73.21103119106253,31.835669105199496,33.93750007465782,151.20794,60.342714701530596,75.23316147426902,151.20794,1.935201580666086,4.9028629689363745,1.4505308833955082,23.581809782645276,5.26610355731982,18.56472001539118,20.407673261404767,191.27710496415386,171.61561326140477
3.6498844243057325,4.0878705552224215,4.7206202384339155,4.201352012206185,14.32188852732268,14.751545183142362,15.44795937451289,14.984520593277503,1.5993314139696344,5.0091220310939395,1.9389378788133271,23.06079796223893,41.64030007332786,18.063730371758002,69.7855909477016,9.485033070875126,4.900346094972937,72.6294424939641,74.8157909320504,34.672884511242906,36.8592329493292,153.15495,59.704030445085856,79.27062401857674,153.15495,1.5993314139696344,5.0091220310939395,1.9389378788133271,23.06079796223893,4.900346094972937,17.971772951628413,20.168579612946804,193.4549627963798,173.32352961294683
3.5350578978467646,3.9592648455883763,5.062043165496184,4.505218417291604,14.257253999699016,14.684971619689987,16.4788317009801,15.984466749950695,1.4756343380734385,5.0194889500193876,2.116691324257853,23.597266058053545,43.010272152760045,19.229462176228942,65.25079179352583,13.135012959909057,5.234857331446487,68.13009718170355,70.14574156955658,35.59994858936405,37.61559297721706,158.73152,62.239734328988995,78.38580475343488,158.73152,1.4756343380734385,5.0194889500193876,2.116691324257853,23.597266058053545,5.234857331446487,17.79231189754578,21.540874866476283,195.86178898182038,180.27239486647628
4.324837701048709,4.843818225174555,4.511561501559567,4.015289736388014,15.887866351754111,16.364502342306732,16.652767005346835,16.153183995186428,0.14654852023667517,0.8684787625184405,2.4544641337269857,28.021965711978535,42.30580676103264,19.319662934393893,58.40165762613649,12.184075533297264,7.576594324338387,70.62724704926696,72.71819594663157,34.159077452360364,36.250026349724955,158.99626999999998,61.62546969542653,70.58573315943376,158.99626999999998,0.14654852023667517,0.8684787625184405,2.4544641337269857,28.021965711978535,7.576594324338387,20.21270405280282,21.1643285069064,191.49195836046212,180.16059850690638
3.0771192861291645,3.446373600464665,4.806876730379185,4.278120290037474,14.50851838294572,14.943773934434093,16.051082012394826,15.569549552022986,0.44827617588753804,3.1044112039591254,2.263257957939608,28.019067896873054,43.30152211183392,18.687091405585605,62.71957751783676,11.79062757654433,7.0509620595737,77.91330150679265,80.25120824639954,38.14318029510863,40.48108703471556,160.53864,61.988613517419516,74.51020509438109,160.53864,0.44827617588753804,3.1044112039591254,2.263257957939608,28.019067896873054,7.0509620595737,17.585637669074885,20.857958742774013,194.97043157510853,181.396598742774
3.785547498492585,4.239813198311697,4.399864219953515,3.915879155758629,14.953709113656105,15.402320387065789,15.674276931484679,15.20404862354014,0.7385584427613546,3.65271784396673,2.099144301842047,28.398229398110097,43.161289301022926,18.278336331788626,59.32313005488303,7.784530679003598,7.639280413848066,77.10261161409973,79.46195858257758,39.74798495945757,42.10733192793541,161.32249,61.43962563281155,67.10766073388663,161.32249,0.7385584427613546,3.65271784396673,2.099144301842047,28.398229398110097,7.639280413848066,18.73925661214869,20.074141151438194,189.81447337937516,181.39663115143819
3.42574625721617,3.836835808082111,3.7909352589846903,3.373932380496375,15.79940710104649,16.27338931407789,16.325333237896334,15.835573240759443,0.6669420126820287,1.0283802013079992,2.0055098545219505,29.061362490308394,42.99832418554039,18.988543625276904,57.37180563996169,7.427947669989643,7.397696576472023,71.87524775460784,74.0005760465668,37.084374857301505,39.20970314926045,157.82447,61.986867810817294,64.79975330995134,157.82447,0.6669420126820287,1.0283802013079992,2.0055098545219505,29.061362490308394,7.397696576472023,19.225153358262663,20.116268496881023,186.1716656143237,177.94073849688104
3.3788283176463465,3.784287715763909,4.991216000026947,4.442182240023982,15.886384923748908,16.362976471461376,17.29097381010304,16.772244595799943,0.578013291036234,0.4580101035181407,1.9620254317431072,29.194620934483712,43.30763030012524,17.486814525359524,55.785715991742286,8.366419182010878,6.475470300455095,75.4996070780447,77.7578628587993,35.7421107370197,38.0003665177743,152.7165,60.79444482548476,64.15213517375317,152.7165,0.578013291036234,0.4580101035181407,1.9620254317431072,29.194620934483712,6.475470300455095,19.26521324139526,22.282189810129985,182.87993330186947,174.99868981013
3.9365772279530957,4.408966495307468,4.380805812332167,3.8989171729756276,15.908266275347382,16.385514263607806,16.418174431296077,15.925629198357193,0.5476983948265176,2.2820479836712284,2.4419652006884096,30.001728645976208,43.6850117863361,18.448665795071804,45.63493760895968,8.860839168182238,11.162703484675406,66.97869617891065,69.00320173777779,31.73250983433525,33.757015393202366,154.41280999999998,62.1336775814079,54.49577677714192,154.41280999999998,0.5476983948265176,2.2820479836712284,2.4419652006884096,30.001728645976208,11.162703484675406,19.844843503300478,20.798980243628243,182.91044157168804,175.2117902436282
3.698776374121977,4.142629539016615,4.3889520970166025,3.9061673663447776,15.510728674398544,15.976050534630504,16.62072492119803,16.12210317356209,0.040795536588730225,0.983944765110856,2.5644978914537124,29.77627911216347,44.503294568977196,19.38590747810787,55.664118504092,10.089881470994609,10.177982500118047,68.31759244495605,70.3449009819867,35.81730283786903,37.844611374899685,159.27784,63.88920204708507,65.75399997508661,159.27784,0.040795536588730225,0.983944765110856,2.5644978914537124,29.77627911216347,10.177982500118047,19.209505048520523,21.00967701821463,192.39620687612702,180.28751701821463
3.294845179303114,3.6902266008194875,4.657320275636726,4.145015045316686,14.675976095908798,15.116255378786063,16.978895425211412,16.46952856245507,0.028077636141550216,0.8569509072076436,2.432724552210262,29.31994099946895,44.19276863624257,19.54696534907847,59.79278144533157,11.588456648520435,7.411424031223059,72.84079478167729,75.00749175340799,38.16907577477945,40.33577274651015,159.05692,63.73973398532104,71.38123809385199,159.05692,0.028077636141550216,0.8569509072076436,2.432724552210262,29.31994099946895,7.411424031223059,17.97082127521191,21.636215700848137,193.14091148063642,180.69313570084813
3.6964603782259067,4.1400356236130165,4.224491885140456,3.759797777775006,16.1261785228013,16.609963878485345,17.00012231774256,16.49011864821028,0.2757226498567345,0.9024232546476508,2.348658123540319,30.319962147093307,43.327312919044836,19.165944453642894,57.89167447180275,11.289141371492338,8.490008354401748,68.22666762923939,70.21837698120675,35.90521152460315,37.8969208765705,159.65269,62.49325737268773,69.1808158432951,159.65269,0.2757226498567345,0.9024232546476508,2.348658123540319,30.319962147093307,8.490008354401748,19.822638901027208,21.224614202883014,193.83348664654977,180.877304202883
3.6652154835705586,4.105041341599027,4.621928980023057,4.11351679222052,16.424121811539088,16.916845465885256,17.158153079436726,16.643408487053623,0.5835612106496286,1.4481551846705751,2.420799527951571,30.570069890433857,43.214281439540066,19.20381427645971,55.46058952053677,8.996357267812886,8.57321449861331,71.02961412703134,73.15487036255902,35.936711515966635,38.06196775149432,159.84846,62.418095715999776,64.45694678834967,159.84846,0.5835612106496286,1.4481551846705751,2.420799527951571,30.570069890433857,8.57321449861331,20.089337295109647,21.780082059459783,190.56018011177804,181.6285420594598
3.5368002481402905,3.961216277917127,5.030419467471822,4.477073326049922,16.138358285903855,16.62250903448097,16.91743508776701,16.409912035134003,0.4215009411325377,0.8857891589980078,2.1364612322862215,30.052449618566623,44.410959264468325,19.786681171720897,54.3419881761363,10.757160191670822,7.480271588548509,68.11012261207905,70.1094737740171,34.54871287661954,36.5480640385576,156.06365,64.19764043618922,65.09914836780713,156.06365,0.4215009411325377,0.8857891589980078,2.1364612322862215,30.052449618566623,7.480271588548509,19.675158534044147,21.94785455523883,189.9484198775724,178.01150455523882
3.5215496681961,3.944135628379631,4.317863966495401,3.8428989301809064,15.829505259382294,16.304390417163766,16.416934206767994,15.924426180564955,0.6476530168344212,0.9827491715452612,2.333313493261132,29.403517367026247,44.22679363326822,18.9412205357426,54.10840266085318,7.131394104888439,10.365513030176098,65.82857132094969,67.79640116332573,32.241505502563975,34.209335344939994,150.56027,63.168014169010824,61.239796765741616,150.56027,0.6476530168344212,0.9827491715452612,2.333313493261132,29.403517367026247,10.365513030176098,19.351054927578396,20.734798173263396,187.491611941174,171.2950681732634
3.6132772244545204,4.046870491389063,3.8466781075350682,3.4235435157062106,15.356817753586224,15.817522286193809,16.595191139903974,16.097335405706858,0.6521860564212899,1.405298333516343,2.581839980194962,29.8826304186199,45.00275577632071,18.996814120920284,50.2291025927925,5.837447160482843,11.859737486065937,63.09640521890305,64.9983032088585,32.17649388319237,34.078391873147815,152.15359,63.999569897240995,56.066549753275346,152.15359,0.6521860564212899,1.405298333516343,2.581839980194962,29.8826304186199,11.859737486065937,18.970094978040745,20.441869247439044,185.41790690337552,172.59545924743907
3.366485353531128,3.7704635959548627,4.649897831902581,4.138409070393298,15.47177217160198,15.935925336750042,16.565624369017925,16.068655637947387,0.6326661048233355,1.1655549228532633,2.5979436629115926,29.78866305534252,44.59108652699509,18.76515085838165,56.97555762090759,6.314500467145845,9.789252776944808,77.35590708043894,79.71363113653078,37.98764197698442,40.34536603307626,157.5554,63.35623738537674,63.290058088053435,157.5554,0.6326661048233355,1.1655549228532633,2.5979436629115926,29.78866305534252,9.789252776944808,18.83825752513311,21.215522200920507,189.45863352143877,178.7709222009205
3.209116801313208,3.5942108174707945,4.447876313588417,3.9586099190936914,15.515535916347725,15.981001993838158,16.883970187727986,16.377451082096147,0.32408420375254504,0.5050292083414689,2.4339641156856775,29.622850968779726,45.413473262889134,20.065985281747505,61.67592929990207,7.548155261164233,10.287782910462978,72.45002952837248,74.61970127358329,35.08340498706418,37.25307673227498,157.82037,65.47945854463664,69.22408456106629,157.82037,0.32408420375254504,0.5050292083414689,2.4339641156856775,29.622850968779726,10.287782910462978,18.72465271766093,21.331846501316402,196.60190723038627,179.15221650131642
3.285743676762712,3.6800329179742377,4.294713651342504,3.8222951496948294,15.897961626934295,16.374900475742326,17.45684032304851,16.93313511335705,0.03196855333489373,0.8554417524316643,2.4487282206175127,30.48470793657241,44.94894729009994,20.201016673545798,52.802328741539164,10.406699466222124,11.998194520112422,68.65615000535162,70.72456134683964,34.35827598913679,36.426687330624794,158.85294,65.14996396364573,63.209028207761286,158.85294,0.03196855333489373,0.8554417524316643,2.4487282206175127,30.48470793657241,11.998194520112422,19.183705303697007,21.751553974391012,193.36173845817294,180.604493974391
3.9845967536094724,4.46274836404261,4.158505874577024,3.701070228373552,16.116547349600307,16.600043770088316,17.024082082750073,16.51335962026757,0.03640968481238767,3.45283523624501,2.7201551098580157,31.122258519235455,44.62427289113884,20.13439632185757,37.99454867132548,10.65750822322075,16.007064552126067,64.01896755755736,65.93225961153337,31.261850658685944,33.175142712661966,159.58033,64.75866921299641,48.65205689454623,159.58033,0.03640968481238767,3.45283523624501,2.7201551098580157,31.122258519235455,16.007064552126067,20.10114410320978,21.182587957327094,186.85059331302935,180.7629179573271
2.99874183039633,3.35859085004389,3.69865504633589,3.291802991238943,16.480825730588744,16.975250502506412,16.751964419787623,16.249405487193993,0.03218542195966196,1.3534590752008955,2.2350846625950513,29.969424274008162,44.15268181320768,19.19576825504277,46.18426288421577,8.487996368500463,12.670866864625397,64.97079396073026,66.95531436057449,31.84629730415856,33.83081770400279,155.83344,63.34845006825045,54.67225925271624,155.83344,0.03218542195966196,1.3534590752008955,2.2350846625950513,29.969424274008162,12.670866864625397,19.47956756098508,20.450619466123513,183.76129718034093,176.28405946612352
3.415127767326312,3.8249430994054703,4.858571978540373,4.324129060900933,15.269963851200275,15.728062766736285,16.983875010569324,16.474358760252247,0.020659037777577816,0.3129434988660915,1.9116683199251825,28.23662989245854,45.0927947289095,20.001797234368645,54.7934157554963,8.946502110818612,7.245063469487385,73.27744123484882,75.4813442294473,33.74821926511641,35.95212225971488,149.76897,65.09459196327815,63.73991786631491,149.76897,0.020659037777577816,0.3129434988660915,1.9116683199251825,28.23662989245854,7.245063469487385,18.685091618526588,21.8424469891097,185.2465656666344,171.61141698910973
3.6449206217695886,4.08231109638194,4.702964706649606,4.18563858891815,15.133405831914738,15.587408006872181,16.691396066898996,16.190654184892026,0.3238922170450067,0.47358797872633845,2.1447539507622895,28.855209951394517,44.66028655194952,19.136433270641565,57.45938088026233,6.6697259420538435,7.315527615911743,72.67615087090608,74.8663859702632,35.702639096853915,37.89287419621102,151.31575999999998,63.796719822591086,64.12910682231617,151.31575999999998,0.3238922170450067,0.47358797872633845,2.1447539507622895,28.855209951394517,7.315527615911743,18.77832645368433,21.394360773548605,185.81712481243147,172.7101207735486
3.7950602939468334,4.250467529220453,4.52566918939061,4.027845578557641,16.560472860402523,17.057287046214597,16.85182529357943,16.346270534772042,0.6626366261506182,0.7691874459527621,2.1046671090540845,29.7604049522511,44.3390847084859,19.78469302790256,54.57351311730384,4.778474628085705,10.982135419812677,73.1425438053714,75.3279979665574,36.45695703847202,38.642411199658035,155.51092,64.12377773638846,59.35198774538954,155.51092,0.6626366261506182,0.7691874459527621,2.1046671090540845,29.7604049522511,10.982135419812677,20.355533154349356,21.377494482970036,188.11033018934862,176.88841448297003
3.5250934003329055,3.9481046083728555,4.722210245377438,4.202767118385919,15.699573528146095,16.17056073399048,17.06644796878664,16.554454529723035,0.6632940356755728,0.6753525119472983,2.312648713407172,29.95310833428031,45.27672371410029,20.527105198994413,52.58872281871092,5.873837588252977,10.831198015406303,73.67466975683632,75.88681892601655,35.069499925340054,37.281649094520276,156.41233,65.8038289130947,58.4625604069639,156.41233,0.6632940356755728,0.6753525119472983,2.312648713407172,29.95310833428031,10.831198015406303,19.224666928479,21.788658214164077,187.92665785925428,178.20098821416408
3.6895340429411,4.132278128094031,4.400801085653521,3.9167129662316347,16.1029648561299,16.5860538018138,17.23651681727478,16.719421312756534,0.6664368497005967,1.0612303433149566,2.4032246260657684,30.172911565849592,44.404535953850456,20.147652063393657,51.431560608533296,4.915338156165344,12.819780956177702,70.79798106019487,72.94691556319367,35.71707570413991,37.866010207138714,158.22924,64.5521880172441,56.34689876469864,158.22924,0.6664368497005967,1.0612303433149566,2.4032246260657684,30.172911565849592,12.819780956177702,19.792498899071003,21.637317902928302,187.81517002212237,179.8665579029283
2.6409806192023852,2.957898293506672,4.271473585197382,3.80161149082567,16.118911424320245,16.602478767049853,17.055826046543196,16.5441512651469,0.6688725950734433,1.1855420123044842,2.374523906609231,31.25960933513967,44.32486234613659,19.081038662399628,48.48381153894503,7.421360456488394,13.726708912678081,68.50412512292037,70.66166179075965,33.2430665873287,35.40060325516798,159.4937,63.40590100853622,55.90517199543342,159.4937,0.6688725950734433,1.1855420123044842,2.374523906609231,31.25960933513967,13.726708912678081,18.759892043522633,21.327299631740583,187.2862218092972,180.82099963174056
3.2788206841623673,3.6722791662618515,2.9221810160623876,2.600741104295525,16.1126678836643,16.596047920174232,15.923318920745844,15.445619353123474,0.3409125797177964,1.4858058921953765,1.926355236983182,30.520671337826958,43.986947879944175,16.52769074414663,47.26006135061031,8.448369338563424,13.683789338815465,66.55659592976598,68.647138548,33.03075762084902,35.121300239083055,156.04712,60.5146386240908,55.70843068917373,156.04712,0.3409125797177964,1.4858058921953765,1.926355236983182,30.520671337826958,13.683789338815465,19.39148856782667,18.84549993680823,183.57209226662997,174.89261993680822
3.4767376132905765,3.8939461268854463,4.465238644412627,3.974062393527238,14.773898802187453,15.217115766253077,16.458088897184318,15.964346230268786,0.3120673759062929,1.3564654000127776,1.9279290257945916,29.50507759885964,45.51363711960396,19.413662766253466,51.11356899537437,6.897713579759309,13.14422657216779,67.12922111001389,69.20832085322678,32.7873065189196,34.8664062621325,150.62303,64.92729988585742,58.01128257513368,150.62303,0.3120673759062929,1.3564654000127776,1.9279290257945916,29.50507759885964,13.14422657216779,18.25063641547803,20.92332754159694,187.43498484921022,171.54635754159693
2.602876413699397,2.9152215833433255,3.1970889732577716,2.845409186199417,14.950478934644087,15.398993302683412,16.760888954458693,16.25806228582493,0.1106617650334912,0.7026193615446059,2.1625437411115866,29.981485337949213,45.17273155104517,19.0584789786891,57.78978045388132,5.83590475827667,10.244652650133544,71.47940070914542,73.64341859409494,35.397778577168665,37.561796462118174,152.66337000000001,64.23121052973426,63.625685212158,152.66337000000001,0.1106617650334912,0.7026193615446059,2.1625437411115866,29.981485337949213,10.244652650133544,17.553355348343484,19.957977927716463,188.61221394600818,172.6213479277165
3.7444481503378015,4.193781928378338,4.70280054153237,4.18549248196381,15.648634355505168,16.118093386170322,16.977691558506763,16.46836081175156,0.09894353823585733,0.8496608040964011,2.466606798243467,29.515434112938472,44.46670724687825,19.436209093348477,54.462682212649575,7.2155424452512795,11.81529422937465,75.34628097807287,77.65635844933243,36.3035372698695,38.613614741129076,157.86206,63.902916340226724,61.678224657900856,157.86206,0.09894353823585733,0.8496608040964011,2.466606798243467,29.515434112938472,11.81529422937465,19.39308250584297,21.680492100039135,189.72016298685944,179.54255210003916
3.964718404636286,4.440484613192641,5.079926721473737,4.521134782111626,15.768490927375035,16.241545655196287,16.760848143976386,16.258022699657094,0.34323732906529286,0.8854885866539802,2.560294220713808,28.20342035739813,44.47501477956076,18.936104496679395,57.49628581467298,6.503194887143501,10.82694885222875,78.9220819934951,81.3095914337454,37.23597088139777,39.62348032164807,157.89121,63.41111927624015,63.99948070181647,157.89121,0.34323732906529286,0.8854885866539802,2.560294220713808,28.20342035739813,10.82694885222875,19.733209332011324,21.840774865450122,189.9631986561279,179.73198486545013
3.8392689806205382,4.299981258295003,4.564108948643655,4.062056964292855,16.025033628086646,16.50578463692925,15.840507558710913,15.365292331949586,0.15430758069078052,0.934365469765455,2.3240340414869713,26.12637003095508,44.83403050325977,19.90965635937688,58.15501522615214,7.681879770734097,9.56930354578928,81.93364781625577,84.4304830355148,38.17759162680817,40.674426846067206,158.85973,64.74368686263664,65.83689499688623,158.85973,0.15430758069078052,0.934365469765455,2.3240340414869713,26.12637003095508,9.56930354578928,19.86430260870718,20.404616507354568,189.55326513691762,179.2643465073546
3.6943431092261245,4.137664282333262,5.058409551319231,4.501984500674116,14.12517174896627,14.548926901435259,15.984675577926495,15.5051353105887,0.07267341672373896,0.7676225377939966,1.7277361733965702,24.73342646882265,44.403608667458776,20.053772202348124,66.96820206092146,9.550529239827611,8.888935638385217,80.23772119975835,82.68539449715708,37.876348134403635,40.32402143180235,159.27585000000002,64.4573808698069,76.51873130074908,159.27585000000002,0.07267341672373896,0.7676225377939966,1.7277361733965702,24.73342646882265,8.888935638385217,17.819514858192395,21.043085129245725,194.98602126387053,180.31893512924574
3.1300741831979932,3.5056830851817526,4.360852485693741,3.881158712267429,13.800861627888917,14.214887476725586,14.420400662326342,13.98778864245655,0.576338762315138,0.45814108754238037,1.2565040662831635,23.98487519124329,44.504063188415685,18.463200827017733,70.26550767457316,6.200569939055094,9.123037872424193,78.83852294042947,81.20844957720561,39.1722255626174,41.54215219939355,155.14694,62.967264015433415,76.46607761362824,155.14694,0.576338762315138,0.45814108754238037,1.2565040662831635,23.98487519124329,9.123037872424193,16.93093581108691,18.78125314802008,191.76317441995673,173.92819314802009
3.6538928712837477,4.092360015837798,4.446258231080468,3.957169825661617,13.126789616231624,13.520593304718574,14.465822018862921,14.031847358297034,0.6314077483230851,0.4375854386173721,1.2726158885213843,23.63840480311112,45.17264531602531,20.02732111983927,66.1256615529943,5.767363193296004,7.9578251671693145,72.25584490020641,74.42213610334917,35.51443711472794,37.68072831787068,149.61078,65.19996643586458,71.89302474629031,149.61078,0.6314077483230851,0.4375854386173721,1.2726158885213843,23.63840480311112,7.9578251671693145,16.780682487515374,18.91208024994339,187.81151271541253,168.5228602499434
4.091045705030612,4.581971189634287,4.848807336022419,4.315438529059954,14.481057753516339,14.91548948612183,15.039900467263763,14.588703453245847,0.6548004328124039,0.5561664070493737,1.7709299696524645,24.60604095264023,45.88901828395246,20.662665941723727,59.60336225115619,7.471500715349616,9.799356487160662,70.26468126620638,72.43882376367958,33.04964408066106,35.22378657813428,151.63147,66.55168422567618,67.07486296650582,151.63147,0.6548004328124039,0.5561664070493737,1.7709299696524645,24.60604095264023,9.799356487160662,18.572103458546955,19.88870780328618,189.5859449000441,171.52017780328617
3.522969863131214,3.94572624670696,5.1543651245343565,4.587384960835577,13.910878416132777,14.328204768616759,16.15197948453734,15.667420100001223,0.6557172943004279,0.7376851487481193,2.1314883373601092,25.94832274807577,44.86844081500092,19.167389336174256,61.3644392094529,7.151811877079197,9.7713088000184,78.20131431050036,80.60975909379817,38.08839497939828,40.496839762696084,156.84936999999996,64.03583015117519,68.5162510865321,156.84936999999996,0.6557172943004279,0.7376851487481193,2.1314883373601092,25.94832274807577,9.7713088000184,17.43384827926399,21.306344609071694,189.2304518454741,178.15571460907168
3.953750895341175,4.4282010027821155,3.9434576120543388,3.5096772747283613,16.005100183615305,16.485253189123764,15.145305280840065,14.690946122414863,0.6634480068069946,1.686027841629046,2.2153970838648966,28.870411118017092,46.592180293836634,18.92886628619822,46.590573939641736,6.162948222632,16.179210511351904,69.76482648655568,71.90524908958919,34.005570355104425,36.145992958137924,157.07756999999998,65.52104658003485,52.75352216227373,157.07756999999998,0.6634480068069946,1.686027841629046,2.2153970838648966,28.870411118017092,16.179210511351904,19.958851078956478,19.088762892894405,187.84791438293502,176.1663328928944
3.153547097454833,3.531972749149413,3.7300136319439847,3.3197121324301477,14.478200084045278,14.912546086566634,15.854101896340918,15.378478839450688,0.6580085066465706,1.1138406753518022,2.1979866048606005,28.284006974614787,46.443092835769164,18.16882585463581,60.19395512600341,5.830173102673994,11.775559237206073,77.49480379816805,79.81678749822133,38.292236666553805,40.61422036660708,158.30855,64.61191869040498,66.0241282286774,158.30855,0.6580085066465706,1.1138406753518022,2.1979866048606005,28.284006974614787,11.775559237206073,17.631747181500113,19.5841155282849,192.29719609926232,177.89266552828488
3.2749129668959784,3.667902522923496,4.841803089810689,4.3092047499315145,13.354772526930333,13.755415702738242,15.319651229664926,14.860061692774975,0.6544200124026598,0.6040536272083851,1.568353946609075,27.281717673888725,46.39708440618027,18.239265646214132,65.29369604322784,7.447235358105122,9.9870331304832,76.38995883810612,78.69197956431573,40.29759344408748,42.59961417029709,158.90144999999998,64.6363500523944,72.74093140133296,158.90144999999998,0.6544200124026598,0.6040536272083851,1.568353946609075,27.281717673888725,9.9870331304832,16.629685493826308,20.161454319475617,194.10254533814572,179.06290431947562
3.789721539306558,4.244488124023344,4.964776444013817,4.418651035172297,13.971883178272558,14.391039673620734,15.181974500170908,14.726515265165784,0.3897471021784885,0.36528595716896306,1.442145691799495,26.645087945352913,45.94724430420026,18.621325178611464,56.028578322292276,8.092547160368863,9.707723820566768,72.64489641493432,74.89695843299278,37.400512277114814,39.65257429517325,155.00985,64.56856948281172,64.12112548266114,155.00985,0.3897471021784885,0.36528595716896306,1.442145691799495,26.645087945352913,9.707723820566768,17.761604717579115,20.146750944184724,185.00129020011863,175.15660094418473
4.126125622950547,4.621260697704614,4.715372872016173,4.196681856094395,15.643314335412917,16.112613765475306,15.572504674077711,15.105329533855379,0.17042135916287826,0.5578859251905839,1.8328553380477122,27.62169745071089,46.346895787268984,18.28688445317982,43.63126451479972,8.777409175177892,13.404728558843155,67.09355478790816,69.16812339552692,30.719752945641915,32.794321553260666,149.60916,64.6337802404488,52.40867368997762,149.60916,0.17042135916287826,0.5578859251905839,1.8328553380477122,27.62169745071089,13.404728558843155,19.769439958363463,20.287877546093885,180.39948252074512,169.8970375460939
3.8078404082228654,4.26478125720961,5.054285817870547,4.498314377904788,15.265653585304099,15.72362319286322,17.18239077072668,16.666919047604882,0.3752123935507438,0.3087268789950272,2.277232605475007,27.9930806634431,47.02937991093064,19.668765839773613,48.28434561207242,6.934808282882761,12.015914534716881,73.65491273002023,75.90056731650206,33.3097448651432,35.55539945162504,151.42544999999998,66.69814575070426,55.219153894955184,151.42544999999998,0.3752123935507438,0.3087268789950272,2.277232605475007,27.9930806634431,12.015914534716881,19.073493993526967,22.23667658859723,183.96096071536718,173.66212658859723
3.795631608899639,4.251107401967596,4.3902463886149565,3.9073192858673114,15.845310408572585,16.320669720829763,16.235341363234376,15.748281122337344,0.4144268075629676,0.5475414122122685,2.349274285540109,29.591344318611878,45.85161333156926,19.5897235021372,48.562875724680744,7.118404882038826,12.729850973196516,73.02405775433431,75.26014357391392,34.259535093008935,36.49562091258856,156.50996999999998,65.44133683370646,55.681280606719575,156.50996999999998,0.4144268075629676,0.5475414122122685,2.349274285540109,29.591344318611878,12.729850973196516,19.640942017472227,20.625587751849334,186.395997255022,177.1355577518493
2.548125108746587,2.8539001217961784,3.9676032069894784,3.5311668542206345,14.854203661001687,15.29982977083174,16.431374398940843,15.938433166972613,0.16019144331877638,0.9623544928607013,2.1876561661843117,29.5634066152112,45.4581827992969,18.092312148762296,52.22996985326319,9.500667455512495,12.965505344549143,68.12393644366955,70.18094472921435,33.33759121073126,35.39459949627605,156.43903,63.55049494805919,61.730637308775684,156.43903,0.16019144331877638,0.9623544928607013,2.1876561661843117,29.5634066152112,12.965505344549143,17.402328769748273,20.398977605930323,188.5225750887073,176.83800760593033
3.0014866506117124,3.3616650486851176,3.1964488086550604,2.8448394397030032,15.281321466986952,15.739761110996561,15.938585849248259,15.460428273770809,0.7302140823576981,1.0967818236140665,2.255813800770825,30.002378001641627,46.36623933144962,18.998986101703654,52.712166385711306,4.380305987078592,14.308751899360399,70.15891560748781,72.25147439026838,35.57400784683386,37.666566629614444,157.98039,65.36522543315328,57.09247237278989,157.98039,0.7302140823576981,1.0967818236140665,2.255813800770825,30.002378001641627,14.308751899360399,18.282808117598666,19.13503465790332,189.13444553128645,177.1154246579033
3.6233843424926664,4.058190463591786,4.325335712925575,3.849548784503762,14.947992131668821,15.396431895618887,16.454891929360382,15.961245171479574,0.8120841820875969,0.9510965402472782,2.121129839421013,26.458937849921224,46.2977861558286,19.11707367807653,58.14131485357945,4.947828231517067,12.723904417109736,77.46112095396649,79.80326401046794,37.24691086251735,39.58905391901882,156.93379,65.41485983390513,63.08914308509653,156.93379,0.8120841820875969,0.9510965402472782,2.121129839421013,26.458937849921224,12.723904417109736,18.571376474161486,20.78022764228596,190.14253222194998,177.71401764228594
3.608279322747601,4.041272841477314,4.316080911687454,3.841312011401833,15.909350002108702,16.386630502171965,16.327899097472724,15.838062124548543,0.44988386912857065,0.634596152770403,1.998983198359035,25.410773996265192,46.572300542681624,19.603203088754146,50.22852094255605,5.740728027688512,13.125337777512039,73.90690083550396,76.1055920665893,35.59714048423384,37.79583171531918,152.70928,66.17550363143577,55.969248970244564,152.70928,0.44988386912857065,0.634596152770403,1.998983198359035,25.410773996265192,13.125337777512039,19.517629324856305,20.643980009160178,183.28195692057187,173.35326000916018
3.698170082946802,4.141950492900419,4.759792998540807,4.23621576870132,15.460949090690598,15.924777563411315,16.32818269890094,15.838337217933908,0.02785512262502871,0.7020510981498937,1.9945467753625021,23.245770781362243,46.95071333367981,20.924814384237315,46.00699089030389,7.990631958272865,11.949625395014007,69.66103282033444,71.75269745950769,32.05458274088845,34.146247380061716,146.20001000000002,67.87552771791712,53.99762284857676,146.20001000000002,0.02785512262502871,0.7020510981498937,1.9945467753625021,23.245770781362243,11.949625395014007,19.159119173637404,21.087975697441745,178.95211891264495,167.28798569744177
3.5275235705272876,3.950826398990562,5.056681898546518,4.500446889706402,14.792926217061497,15.23671400357334,16.816738815424344,16.312236650961616,0.01983654378916463,0.37961501305475287,1.6323948285288736,22.69288685239605,45.302748157724594,20.623361255876265,48.65522911212368,9.655785335017143,11.080351384615424,71.51139659770521,73.65889370109241,33.995877489864405,36.143374593251586,148.43762999999998,65.92610941360087,58.31101444714082,148.43762999999998,0.01983654378916463,0.37961501305475287,1.6323948285288736,22.69288685239605,11.080351384615424,18.32044978758878,21.873420713970862,178.36265827071472,170.31105071397084
3.9113048880154597,4.380661474577315,4.4910466565840785,3.9970315243598304,15.873428415944469,16.349631268422804,16.66681539222543,16.16681093045867,0.03826567042174207,0.7871571384882178,1.6625529754624941,23.459068843944515,44.54432314677609,20.872602151688678,48.57964727283726,9.348480913278937,12.629212357571532,74.89765339989172,77.13121271974737,33.711742536549494,35.94530185640514,154.78034,65.41692529846476,57.9281281861162,154.78034,0.03826567042174207,0.7871571384882178,1.6625529754624941,23.459068843944515,12.629212357571532,19.78473330395993,21.157862048809513,181.7060437744294,175.9382020488095
2.7417512579186605,3.0707614088688993,4.440548103204379,3.9520878118518965,14.49600028116281,14.930880289597695,16.17249506195884,15.687320210100077,0.23261663294669443,2.665561632564464,1.65582011346426,23.367624795956107,44.82018976220009,19.77220357741969,61.396029200042335,8.16418805669311,11.849924574292274,79.24857108554376,81.66333209488099,36.97341008404762,39.388171093384855,156.54076,64.59239333961978,69.56021725673544,156.54076,0.23261663294669443,2.665561632564464,1.65582011346426,23.367624795956107,11.849924574292274,17.237751539081472,20.613043165163223,191.1619098846605,177.15380316516323
3.5810425151942797,4.010767617017594,3.9098808946788357,3.4797939962641635,15.708751667416877,16.180014217439382,15.88216375168288,15.405698839132391,0.4134650620405731,1.2704434496520953,1.7807631792383636,23.89312205604121,45.75691988949911,20.307304225505117,57.00771914927911,8.66697482622184,12.628311220434014,73.24346784400214,75.46348460835311,35.6649193758649,37.88493614021588,158.68648,66.06422411500422,65.67469397550096,158.68648,0.4134650620405731,1.2704434496520953,1.7807631792383636,23.89312205604121,12.628311220434014,19.289794182611157,19.792044646361717,191.01481724052258,178.4785246463617
3.9019142099808306,4.370143915178531,4.758877295712809,4.2354007931844,15.704639880985535,16.1757790774151,16.18466920033598,15.6991291243259,0.07354945569237589,0.5580118254028478,1.5444032093053024,23.980849841066977,45.54806759947752,20.53000194980965,49.59661870026078,13.300270000231784,13.708430636883923,67.55382268671448,69.57158915264291,34.1123707768071,36.13013724273552,158.51565999999997,66.07806954928718,62.89688870049256,158.51565999999997,0.07354945569237589,0.5580118254028478,1.5444032093053024,23.980849841066977,13.708430636883923,19.606554090966366,20.94354649604879,188.4467573090975,179.45920649604878
3.8438796977458756,4.305145261475381,4.5339703052375295,4.035233571661401,14.883442038543286,15.329945299699586,15.39264744196868,14.93086801870962,0.0196449885221969,0.32041290667883926,1.3715935476377559,23.558660912673975,45.77117567693496,20.39716522426132,50.69219196564555,10.97877044031272,14.040408448938601,64.18539831162481,66.11355854767804,33.213247504265446,35.141407740318684,154.80986000000001,66.16834090119627,61.67096240595827,154.80986000000001,0.0196449885221969,0.32041290667883926,1.3715935476377559,23.558660912673975,14.040408448938601,18.727321736289163,19.926617747206212,185.87734584789507,174.73647774720624
4.059825146850188,4.547004164472211,4.935890316305021,4.392942381511469,14.590137568668476,15.027841695728528,16.163275704845912,15.678377433700534,0.01995406056259157,0.32500460266048065,1.3232564770490418,22.825378694785048,45.25515295426941,19.007914478439734,54.36543821556383,9.553288276287354,14.151855400985474,67.68514958644185,69.74142408689261,30.66822531942839,32.72449981987915,149.22561000000002,64.26306743270915,63.91872649185118,149.22561000000002,0.01995406056259157,0.32500460266048065,1.3232564770490418,22.825378694785048,14.151855400985474,18.649962715518665,21.099166021150936,185.47720587612162,170.32477602115097
3.0733228386334863,3.442121579269505,4.669022562269551,4.1554300804199,13.003853853247131,13.393969468844544,15.632882885604818,15.163896399036672,0.020145724123612704,0.45132300062904857,1.3167917513553127,22.385835581786417,46.114255632004095,20.20776783258623,60.890468325306124,8.053713777320231,10.455696815854703,72.90248330988368,75.11468029533472,36.55287563608286,38.765072621533896,151.0709,66.32202346459033,68.94418210262636,151.0709,0.020145724123612704,0.45132300062904857,1.3167917513553127,22.385835581786417,10.455696815854703,16.077176691880616,20.30190544787437,185.9731751328464,171.37280544787436
3.9319736870809603,4.403810529530676,4.4445470773125475,3.955646898808167,14.980583718768921,15.430001230331989,15.823493442816682,15.34878863953218,0.06142771584671688,0.6408418908496949,1.4647509765512645,24.013055854023314,46.29537007355246,20.296022327980555,58.61333769363066,7.291113742161509,12.213976696549201,78.07345832141479,80.42719785718609,38.64464635275472,40.99838588852603,156.36575,66.59139240153301,65.90445143579217,156.36575,0.06142771584671688,0.6408418908496949,1.4647509765512645,24.013055854023314,12.213976696549201,18.91255740584988,20.268040520129226,189.80245437699526,176.63379052012922
4.116355943923427,4.61031865719424,5.374054886682523,4.782908849147445,15.376658624620603,15.837958383359219,16.33278075238357,15.84279732981206,0.3724019412500163,0.7718105600850039,1.6748637417209957,24.448788935396532,46.49969142853481,20.572081591772964,54.767290836776496,5.974049211822201,12.999825799463986,82.68653371500567,85.14815685934724,39.280769174070365,41.74239231841196,156.35859999999997,67.07177302030779,60.7413400485987,156.35859999999997,0.3724019412500163,0.7718105600850039,1.6748637417209957,24.448788935396532,12.999825799463986,19.49301456854403,21.706835639066092,187.57381861536703,178.06543563906607
3.6177893400710293,4.0519240608795535,4.507348605876155,4.011540259229778,15.108473856958204,15.561728072666948,16.221355602649073,15.7347149345696,0.651255965988112,3.1356842668733975,2.0749234351898287,25.299272521299436,47.03041404119325,20.505397572075502,52.07959902834542,6.009955678553239,14.685784991769133,74.60087850894612,76.84262861355464,36.988068587476434,39.229818692084955,157.81536,67.53581161326875,58.08955470689865,157.81536,0.651255965988112,3.1356842668733975,2.0749234351898287,25.299272521299436,14.685784991769133,18.726263197029237,20.72870420852523,190.19855069831655,178.5440642085252
3.6896197638801835,4.132374135545806,4.24312091461084,3.7763776140036476,15.868049945340264,16.344091443700467,15.8395137670677,15.364328354055667,0.6573731095202943,2.421058297371559,2.084016477636398,25.31409984431999,46.849108522818725,20.15040418723233,51.6797827919648,4.076203276532993,16.796466160107666,75.2438900247818,77.5322525637104,36.62023947180748,38.908602010736054,159.18707999999998,66.99951271005106,55.75598606849779,159.18707999999998,0.6573731095202943,2.421058297371559,2.084016477636398,25.31409984431999,16.796466160107666,19.55766970922045,20.08263468167854,189.5861823767252,179.26971468167855
3.093017539199115,3.4641796439030093,4.445695637566324,3.956669117434028,14.306056685285256,14.735238385843813,15.999379667814289,15.519398277779862,0.6564322080810334,1.0137035947816608,2.139565875252549,24.665333025630055,46.997804081855016,20.395311757721245,55.64111774776076,3.785340798409065,15.062136070680921,73.3662879952539,75.60789605263446,36.76951000165052,39.011118059031105,155.85694,67.39311583957627,59.426458546169826,155.85694,0.6564322080810334,1.0137035947816608,2.139565875252549,24.665333025630055,15.062136070680921,17.39907422448437,20.445075305380612,187.7558193846567,176.30201530538062
3.77112004399575,4.22365444927524,4.218200570363214,3.7541985076232605,14.912510687404382,15.359886008026514,15.223553948537443,14.76684733008132,0.6558633567323915,0.9786484001835961,1.9871467866861365,23.901773844579854,47.18522987784989,19.459543957489696,55.54779874017313,4.161570451916179,14.229522130589002,73.21555653229619,75.47022479335446,35.22850174337745,37.48317000443571,151.14555000000001,66.64477383533958,59.709369192089305,151.14555000000001,0.6558633567323915,0.9786484001835961,1.9871467866861365,23.901773844579854,14.229522130589002,18.683630731400132,19.441754518900655,186.79072827759998,170.58730451890068
3.682664439466141,4.124584172202079,4.808871543811048,4.279895673991833,14.93637664348701,15.38446794279162,15.467913345548576,15.003875945182116,0.44558625923633866,1.0620997642537071,1.9318498151277104,23.928445873872253,46.782060196352305,19.747563634523516,54.61533325375713,7.320845842842161,13.719510253415146,70.94801917954122,73.10514195559561,34.90290371385809,37.06002648991249,153.7626,66.52962383087582,61.93617909659928,153.7626,0.44558625923633866,1.0620997642537071,1.9318498151277104,23.928445873872253,13.719510253415146,18.619041082953153,20.276784889359625,188.17233597633341,174.03938488935958
3.492550090017389,3.9116561008194766,4.806796351597368,4.2780487529216575,14.706377618851324,15.147568947416865,16.37264730163245,15.881467882583483,0.3659521381619867,0.9878907598500458,1.7548821285334684,23.350017528546086,46.64702733698327,19.559181490762537,61.9677661327656,9.347509349506357,12.528720704617182,74.10517570382962,76.32091659261802,36.76595683291477,38.98169772170318,159.04606,66.20620882774581,71.31527548227196,159.04606,0.3659521381619867,0.9878907598500458,1.7548821285334684,23.350017528546086,12.528720704617182,18.198927708868716,21.17944365322982,194.70787527859525,180.22550365322982
3.8780419885775093,4.34340702720681,4.420179511781068,3.93395976548515,15.393440008835652,15.855243209100722,16.19544015415017,15.709576949525662,0.3637452398851828,0.8764681994248688,1.7073207462603128,22.746204638964713,47.3516884351891,19.6676465917192,56.88605852705787,8.474138393166996,14.184058814705528,72.90209790452693,75.05881035664237,35.85309305595368,38.00980550806913,158.77837,67.01933502690831,65.36019692022487,158.77837,0.3637452398851828,0.8764681994248688,1.7073207462603128,22.746204638964713,14.184058814705528,19.27148199741316,20.615619665931238,191.5288115837869,179.39398966593123
3.7001683928727367,4.144188600017465,4.7467170823295195,4.224578203273272,14.262139977951895,14.69000417729045,15.925081701285412,15.447329250246849,0.36453096643584915,0.81816072019724,1.6793608643590496,23.12018257056251,47.85484945903324,20.796484961932194,60.97868296022851,7.426733695061129,14.37210780714947,76.03286491624426,78.34265733273385,37.02300301890879,39.33279543539838,159.64397999999997,68.65133442096543,68.40541665528964,159.64397999999997,0.36453096643584915,0.81816072019724,1.6793608643590496,23.12018257056251,14.37210780714947,17.96230837082463,20.67179878361493,195.37340237578383,180.31577878361492
3.8664961685710972,4.3304757087996295,4.499799736078861,4.004821765110187,15.40125964954997,15.863297439036469,15.502628980998661,15.0375501115687,0.11418483386639104,1.632088621659046,1.8198712817346376,23.01080606788148,46.64246262405146,21.460096300858133,57.18351059337165,8.87155066716656,15.189404554967345,71.84703292460146,74.00390781213055,36.25828760523669,38.415162492765766,159.95064,68.1025589249096,66.05506126053821,159.95064,0.11418483386639104,1.632088621659046,1.8198712817346376,23.01080606788148,15.189404554967345,19.26775581812107,20.002428717077525,195.19173136367777,179.9530687170775
3.7516537364172544,4.201852184787326,4.9051717065368035,4.365602818817754,15.332106331807037,15.792069521761247,16.157444262484123,15.672720934609599,0.2696529377660504,1.606644407135798,1.8151015456618953,22.04005678217068,46.63630473760351,21.430966902347507,56.303583332915764,7.3035414783662045,15.655820180078019,71.57703766479321,73.7469306887937,35.86955882529409,38.03945184929458,155.81534999999997,68.06727163995102,63.60712481128197,155.81534999999997,0.2696529377660504,1.606644407135798,1.8151015456618953,22.04005678217068,15.655820180078019,19.083760068224294,21.062615969020925,192.1454323722697,176.87796596902092
3.7435364287224613,4.192760800169157,4.6942517498192355,4.17788405733912,15.020466154544469,15.471080139180804,16.46944023194345,15.975357024985149,0.6554332841013867,1.179769352690761,1.866043639725803,21.81213921389812,46.70932617549565,21.3352326300853,48.65187465878743,5.569509316720945,16.06145410108303,69.96815653747647,72.09634727127724,34.85020022646203,36.9783909602628,150.32196000000002,68.04455880558095,54.22138397550837,150.32196000000002,0.6554332841013867,1.179769352690761,1.866043639725803,21.81213921389812,16.06145410108303,18.76400258326693,21.16369198176269,182.60478495585534,171.48565198176271
3.6625851077838587,4.102095320717923,4.922857310140932,4.381343006025429,13.729069147352536,14.140941221773113,15.37942305734479,14.918040365624444,0.6553268832618537,1.1210269362655518,1.7247037650584192,21.72202846939048,46.55394136789516,20.906577938377712,55.13588315953176,6.211194482499922,13.729535269095352,77.9929904185532,80.34407098327154,37.58812863967354,39.93920920439186,152.34592,67.46051930627289,61.347077642031685,152.34592,0.6553268832618537,1.1210269362655518,1.7247037650584192,21.72202846939048,13.729535269095352,17.391654255136398,20.302280367485725,185.1518725265126,172.64820036748574
3.8566337589474675,4.319429810021165,5.116892731123628,4.55403453070003,13.678237875337235,14.088585011597349,15.123228724392487,14.669531862660712,0.6550323116449749,1.4682124266705967,2.091531930150957,22.103832889134488,46.99562893194417,20.22071097907427,56.703412976491926,7.598160143215197,14.20021322099405,77.92531169124845,80.28208288434148,37.28992033789071,39.646691530983716,157.62879,67.21633991101844,64.30157311970713,157.62879,0.6550323116449749,1.4682124266705967,2.091531930150957,22.103832889134488,14.20021322099405,17.534871634284702,20.240121455516114,189.57160744360533,177.86891145551613
4.267078300302143,4.779127696338399,4.654295173956442,4.142322704821234,14.966833629338122,15.415838638218265,14.794984747939665,14.351135205501473,0.6659645034138902,1.9186430663321372,2.0046899369119076,22.32601731345325,46.430665643160175,19.948779045722723,50.596262533510796,8.587937682858396,15.711980239934352,72.78232503345015,74.93825839751224,35.05132332992579,37.20725669398788,157.79934,66.3794446888829,59.1842002163692,157.79934,0.6659645034138902,1.9186430663321372,2.0046899369119076,22.32601731345325,15.711980239934352,19.233911929640264,19.449279921896107,187.4248518949379,177.2486199218961
3.37488457304808,3.7798707218138503,5.111229655678068,4.548994393553481,14.841839135455809,15.287094309519485,16.362413308919763,15.871540909652174,0.6749183691795849,2.092671908492656,1.9738722859235922,21.649243490219945,45.743534282454355,18.43055558703961,61.56824533738684,8.935451232551594,14.312941269795791,72.87475559391271,75.03492662395216,36.87970224661735,39.03987327665677,158.61105,64.17408986949397,70.50369656993843,158.61105,0.6749183691795849,2.092671908492656,1.9738722859235922,21.649243490219945,14.312941269795791,18.216723708503892,21.473642964597836,193.59815747154786,180.08469296459785
3.4917232417341024,3.910730030742194,4.334499881479583,3.857704894516828,15.480106539861803,15.944509736057658,15.852957838614072,15.377369103455653,0.657510304653875,1.959832860890406,2.1989340932107244,22.233432283157846,46.5146486220081,20.56611355002586,54.38104904819734,6.318507722383668,17.164771477339183,72.4875652389382,74.64808540281656,34.44514628282173,36.605666446700106,158.94093000000004,67.08076217203397,60.69955677058101,158.94093000000004,0.657510304653875,1.959832860890406,2.1989340932107244,22.233432283157846,17.164771477339183,18.971829781595904,20.187457720093658,190.9666297434629,179.12838772009368
3.8304551103893645,4.290109723636087,4.410020607582702,3.924918340748605,15.033425459712761,15.484428223504146,15.96965734828628,15.490567627837686,0.19290932617194007,1.2194681039431934,2.243218460429992,22.654113257000926,46.48081444624375,20.419339634279677,49.74878494699618,6.57376202831412,17.644230477815483,76.79659501107233,79.14563200319407,34.81599366318569,37.165030655307426,155.38778,66.90015408052342,56.322546975310296,155.38778,0.19290932617194007,1.2194681039431934,2.243218460429992,22.654113257000926,17.644230477815483,18.863880570102125,20.37967795586898,186.04052125129738,175.76745795586896
3.542411534269577,3.9675009183819268,4.757580484704076,4.234246631386627,13.694681605980094,14.105522054159497,15.785474559866065,15.311910323070082,0.12301058104624556,0.8033111980011426,1.8579270260196272,22.644024028887564,45.865579033390134,20.516068302263573,51.30012641571512,6.905300759135602,14.773841095375635,72.08862625832184,74.27045502324329,34.464537036457095,36.64636580137856,150.30642,66.38164733565371,58.20542717485072,150.30642,0.12301058104624556,0.8033111980011426,1.8579270260196272,22.644024028887564,14.773841095375635,17.237093140249673,20.543055044570142,182.0262815800843,170.84947504457017
3.7321615384283815,4.180020923039787,4.729054448120605,4.208858458827339,15.09716377134413,15.550078684484456,16.24696950388154,15.759560418765094,0.6183499194323103,1.0097871451384939,2.0787386512172503,24.432298676487186,46.16502961591921,19.460651013018275,51.39252054791849,4.757055106210878,16.902672738916344,70.30303837162779,72.421240945969,34.17316399884222,36.29136657318343,152.23094,65.62568062893749,56.149575654129364,152.23094,0.6183499194323103,1.0097871451384939,2.0787386512172503,24.432298676487186,16.902672738916344,18.829325309772514,20.976023952002144,185.64642872403093,173.20696395200216
3.5458509690617865,3.971353085349201,4.2495273268344045,3.7820793208826204,15.439731595859609,15.902923543735398,16.38798942306313,15.896349740371235,0.6620557372154101,2.418054106526838,2.7007926781407554,26.119342030911046,45.68278259424084,20.233194099279093,46.25765010634023,3.9036473797552986,18.97326693748848,70.17703130138838,72.27397923471244,33.87798315093531,35.97493108425935,157.0346,65.91597669351994,50.16129748609552,157.0346,0.6620557372154101,2.418054106526838,2.7007926781407554,26.119342030911046,18.97326693748848,18.985582564921394,20.637516749897532,185.93636823481935,177.67211674989755
3.5677595179078967,3.995890660056845,4.585239027131883,4.080862734147377,15.460729876672081,15.924551772972245,16.468810582372083,15.974746264900922,0.5740992237557944,3.3060976138043885,2.6057270600023825,26.116928538810342,46.36926817833662,19.806957723121958,45.03277186707835,4.6884829567737,19.057085755183127,69.25908501792325,71.33881018703411,33.92301297000297,36.00273813911386,157.08920999999998,66.17622590145858,49.72125482385206,157.08920999999998,0.5740992237557944,3.3060976138043885,2.6057270600023825,26.116928538810342,19.057085755183127,19.028489394579978,21.054049609503966,186.58590831144664,178.14325960950393
4.194594341704234,4.697945662708741,4.5344475843699925,4.035658350089293,16.050757327817823,16.53228004765236,16.686170232526973,16.185585125551164,0.5441432577152191,2.998661024012951,2.8244406443052426,26.250140475164216,45.997926662258294,20.368176386509248,42.50307812389423,5.7143347500511235,20.356799799405838,73.73758530403832,75.99220228365712,33.97924116012132,36.233858139740114,157.97793,66.36610304876754,48.21741287394535,157.97793,0.5441432577152191,2.998661024012951,2.8244406443052426,26.250140475164216,20.356799799405838,20.24535166952206,21.220617816896965,187.8030527928384,179.19854781689696
3.4958445484446705,3.915345894258031,4.583701658050364,4.079494475664825,15.303176944428865,15.762272252761727,15.978585835024745,15.499228259974002,0.6086551943806024,2.5986196572689653,2.6376427901779764,25.098542948465695,45.61523445284862,20.38187953074992,45.774264973955304,5.835794283827956,18.249249524476657,73.34445423642435,75.52664044056948,36.13558385534039,38.31777005948551,158.63155000000003,65.99711398359852,51.610059257783256,158.63155000000003,0.6086551943806024,2.5986196572689653,2.6376427901779764,25.098542948465695,18.249249524476657,18.799021492873532,20.56228749307511,185.59890484902525,179.1938374930751
3.919955052681492,4.390349659003272,4.821917453986863,4.291506534048308,15.222400409943695,15.679072422242005,16.187336666406228,15.701716566414046,0.6573489614129036,1.419334519168605,2.233665410310624,23.694902132520994,45.864303795838495,20.290342148231563,49.32214556127716,5.0610579573093615,16.40843354236311,75.66689238612446,77.93527362752896,34.12681018846289,36.39519142986738,155.03423999999998,66.15464594407005,54.38320351858652,155.03423999999998,0.6573489614129036,1.419334519168605,2.233665410310624,23.694902132520994,16.40843354236311,19.142355462625186,21.00925412039309,184.09388949105798,176.0434941203931
3.6307058444930544,4.066390545832222,4.680409328607406,4.165564302460591,14.916033331716616,15.363514331668112,16.11710118180111,15.63358814634708,0.6558164270465455,0.9924340313934004,2.0746935267427213,23.283504027157853,44.68272958241021,18.667923650970284,44.919342225410404,6.906349480660696,16.607550787797514,71.44910977282753,73.64124152604076,32.617620310661835,34.80975206387509,149.87729,63.35065323338049,51.8256917060711,149.87729,0.6558164270465455,0.9924340313934004,2.0746935267427213,23.283504027157853,16.607550787797514,18.54673917620967,20.797510510408518,177.3370829157993,170.67480051040852
3.689156030917369,4.131854754627454,5.123786230705999,4.56016974532834,14.170774329447466,14.59589755933089,16.106316972910044,15.623127463722742,0.656264197222883,1.5242910803648577,1.566773679252693,23.637826702827653,44.72202575196726,18.23034505144944,48.52428809779477,7.858521195615415,15.51661553906894,74.00283875868969,76.25268231097908,34.944309767936865,37.19415332022626,151.95708,62.9523708034167,56.38280929341019,151.95708,0.656264197222883,1.5242910803648577,1.566773679252693,23.637826702827653,15.51661553906894,17.859930360364835,21.23010320361604,180.09688165592874,173.18718320361603
4.183653397949023,4.6856918057029056,4.849745194417331,4.316273223031425,15.869740609564573,16.345832827851513,15.699864244841972,15.228868317496708,0.6563837079073671,1.5829455060969262,1.7243430006736982,23.902861771138713,44.36162136895274,20.17452954760758,52.621713795067954,5.031222195859297,15.323784778375234,77.74572215441373,80.13352361060319,35.55779243769156,37.94559389388103,156.17748,64.53615091656032,57.65293599092725,156.17748,0.6563837079073671,1.5829455060969262,1.7243430006736982,23.902861771138713,15.323784778375234,20.053394007513596,20.5496094392593,185.4327996791931,176.72708943925932
3.7408891400182003,4.189795836820385,5.272899493135015,4.692880548890164,14.956985272792418,15.40569483097619,16.634049443289904,16.135027959991206,0.3730910351428233,0.8284569939359375,1.8789297716581954,24.20759009364469,45.17603581057372,20.34289514217589,52.62364301236998,8.468748924110958,15.863540860741477,70.96537466555579,73.09442693598096,35.22344539983145,37.35249767025662,156.9586,65.51893095274961,61.092391936480944,156.9586,0.3730910351428233,0.8284569939359375,1.8789297716581954,24.20759009364469,15.863540860741477,18.697874412810616,21.90694893642492,188.4608060571643,178.8655489364249
4.052242863471003,4.5385120070875224,4.7362989625470435,4.215306076666868,15.361548283128357,15.822394731622207,16.78445702348338,16.280923312778878,0.32770957119778027,0.7667748085372642,2.0770439207256706,25.042709509149855,45.18688561625604,20.332359721051056,46.811030403091074,9.423772979533817,18.359297856428768,72.964565145689,75.16829232440011,35.33948728542836,37.54321446413949,157.84415,65.5192453373071,56.23480338262489,157.84415,0.32770957119778027,0.7667748085372642,2.0770439207256706,25.042709509149855,18.359297856428768,19.413791146599362,21.520755986030423,187.7413755325707,179.36490598603044
3.720276613324463,4.166709806923398,4.430700293601394,3.9433232613052405,16.008931848638756,16.48919980409792,17.107848050015324,16.59461260851486,0.36346344145239234,0.624401371197845,2.3691547699803586,25.761143878523164,44.654094509321595,20.255411606206504,42.384038534970664,8.80993013503821,21.055919655143505,74.22128490091882,76.46582963919913,33.17076278140818,35.4153075196885,158.6551,64.90950611552809,51.19396867000887,158.6551,0.36346344145239234,0.624401371197845,2.3691547699803586,25.761143878523164,21.055919655143505,19.729208461963218,21.538548343616718,186.00676636379745,180.19364834361673
3.8411807380992964,4.302122426671214,4.9484678339161,4.404136372185329,16.021656488883163,16.502306183549663,16.66643561123562,16.16644254289855,0.605164922077095,0.6005543620234608,2.0250507956404538,24.44507072851204,44.95026479385139,19.907535807240738,42.61980817896396,8.009245372463099,19.553871486787266,72.46674841923459,74.69938976943546,33.32282674750877,35.55546809770965,155.03041,64.85780060109214,50.629053551427056,155.03041,0.605164922077095,0.6005543620234608,2.0250507956404538,24.44507072851204,19.553871486787266,19.86283722698246,21.614903445151715,182.57940367454196,176.6453134451517
3.9967137236076202,4.476319370440536,5.095939279455307,4.535385958715223,14.516663775093104,14.9521636883459,15.552956805349648,15.086368101189159,0.6038792946202316,0.5709843036113692,1.5152569619183966,22.32923541366152,43.75051356121977,19.496539098652384,46.71259923548684,7.706495882274719,15.617902638028214,73.07108484572215,75.27582578146966,32.775525878010875,34.98026681375837,149.94939000000002,63.24705265987215,54.419095117761564,149.94939000000002,0.6038792946202316,0.5709843036113692,1.5152569619183966,22.32923541366152,15.617902638028214,18.513377498700724,20.648896084804953,176.8167838881742,170.59828608480498
3.868402392213368,4.332610679278972,5.150904640447133,4.584305129997948,14.39178880584524,14.823542470020596,15.514808136443444,15.04936389235014,0.5182629890922839,0.5229243012484972,1.2814375750587066,22.21276794908215,43.83338692024582,18.7718087632362,52.975829524446276,9.890523441757075,15.102152212452859,66.11080693071058,68.09819201405853,32.667463904604375,34.654848987952334,152.12078999999997,62.60519568348202,62.86635296620335,152.12078999999997,0.5182629890922839,0.5229243012484972,1.2814375750587066,22.21276794908215,15.102152212452859,18.26019119805861,20.66571277689058,183.36928487467847,172.78650277689056
3.7278146229477507,4.175152377701482,4.591831412542689,4.0867299571629925,14.867436676667664,15.313459776967695,15.5419691411401,15.075710066905897,0.483544492675065,0.6492981637849243,1.5389719563173836,24.304670357425756,42.53274110353986,20.24669798982306,54.191182158291944,7.642478676762679,17.834947180050985,71.26075209380761,73.40416653901042,33.814277533876016,35.95769197907884,157.60765,62.77943909336292,61.83366083505462,157.60765,0.483544492675065,0.6492981637849243,1.5389719563173836,24.304670357425756,17.834947180050985,18.595251299615416,20.13380055368279,188.0197833782871,177.7414505536828
3.3571282401987106,3.759983629022557,4.353881069407184,3.874954151772394,14.477850725061195,14.912186246813034,16.484199427820105,15.989673444985502,0.537194461740319,0.6636822805902788,1.9330734969932735,24.775515604591828,42.00321073002131,19.690983637668786,51.187459157456594,8.525645483879524,17.3851385027807,69.3884476206039,71.44954008214035,34.46672496130309,36.527817422839576,157.60435999999999,61.6941943676901,59.713104641336116,157.60435999999999,0.537194461740319,0.6636822805902788,1.9330734969932735,24.775515604591828,17.3851385027807,17.834978965259907,20.838080497227292,184.53688232098253,178.44244049722727
3.374328726483617,3.779248173661652,4.5621558230847,4.0603186825453825,15.076923012075381,15.529230702437642,16.53432146670939,16.038291822708103,0.657435748384086,1.1884667396017172,1.9260118589992588,26.450957438727304,43.60972462574043,18.855579240041695,47.36470699200747,8.248312056029205,18.317593226799808,67.69599599846426,69.71499019526493,34.531549711943526,36.5505439087442,158.19539,62.465303865782126,55.61301904803668,158.19539,0.657435748384086,1.1884667396017172,1.9260118589992588,26.450957438727304,18.317593226799808,18.451251738559,21.09647728979409,185.07003966488998,179.2918672897941
3.5250157617422953,3.9480176531513704,4.202440708316669,3.7401722304018366,15.27274050789322,15.730922723130014,15.937195868291997,15.459079992243238,0.6562881263737201,3.0387451549591606,2.168443482172789,28.205421510571025,43.09476510908811,18.628265926900127,40.742589434665966,7.643684503343072,21.093783276571475,69.7914424095119,71.88285247792064,32.89059328064401,34.98200334905276,158.8114,61.72303103598823,48.38627393800903,158.8114,0.6562881263737201,3.0387451549591606,2.168443482172789,28.205421510571025,21.093783276571475,18.797756269635514,20.13963657660867,184.06974279428093,178.95103657660866
3.6685882240515175,4.1088188109377,3.978706817652201,3.5410490677104587,15.342753856545793,15.80303647224217,15.376399745752394,14.915107753379823,0.5685569533908056,2.6965298697607616,2.164104991465321,28.592394884012755,41.771249504094556,18.48789173380804,35.51658222448409,6.924011626457056,21.9891968929613,65.52728240269325,67.53189339234308,30.69653298668638,32.701143976336205,155.10588,60.2591412379026,42.44059385094114,155.10588,0.5685569533908056,2.6965298697607616,2.164104991465321,28.592394884012755,21.9891968929613,19.011342080597313,19.355106563404597,177.72186076103202,174.46098656340462
3.0776246640059375,3.4469396236866516,4.742582277974551,4.220898227397349,15.576935615439227,16.044243683902405,16.387078072150317,15.89546572998581,0.35472105839142243,2.1411010744692693,2.009382129208319,28.838014296586874,41.99021506280476,18.761430721101814,36.103284493140265,5.684659069289003,20.934230416458927,64.8973940745071,66.89386401151951,30.802455292317763,32.798925229330194,150.10441,60.751645783906575,41.78794356242928,150.10441,0.35472105839142243,2.1411010744692693,2.009382129208319,28.838014296586874,20.934230416458927,18.654560279445164,21.12966035012487,175.47159860089582,171.23407035012488
3.9916161161658876,4.470610050105794,4.435808129428552,3.9478692351914115,15.121154628232722,15.574789267079705,16.299333937005485,15.81035391889532,0.2255773876984689,0.5797817115875564,1.8958893018780392,28.859789843272544,42.89634997178892,18.062690004320924,40.1712348161588,6.595562432152616,21.141690080619743,76.28426404787788,78.64640260155834,33.613155282048574,35.975293835729026,152.82979999999998,60.95903997610985,46.76679724831142,152.82979999999998,0.2255773876984689,0.5797817115875564,1.8958893018780392,28.859789843272544,21.141690080619743,19.11277074439861,20.73514206643404,179.54133629387624,173.564942066434
3.6805785605070436,4.122247987767889,4.775688892419932,4.25036311425374,15.046513841127046,15.497909256360858,16.482698892313916,15.988217925544495,0.2230195730376993,0.4755814331530979,2.0999463830167713,29.779951318890678,42.81352192258964,19.078152566370456,45.86220558481267,8.393883197401832,21.175893118571437,75.8159590366304,78.149110774668,35.125209287084395,37.458361025121995,158.60076999999998,61.8916744889601,54.256088782214505,158.60076999999998,0.2230195730376993,0.4755814331530979,2.0999463830167713,29.779951318890678,21.175893118571437,18.727092401634092,21.258387784733845,188.62924749947837,179.85915778473384
3.36913248595142,3.7734283842655905,3.9782353218179054,3.540629436417937,14.514453473601035,14.949887077809066,15.706106941704945,15.234923733453796,0.31277141638369277,0.679879992399104,2.2828009731303682,29.87710662629353,41.73986523321611,18.957059628901984,44.81844232735294,7.519638965990428,19.723828359921303,77.13604843717678,79.46057142659723,36.008543349563894,38.33306633898434,158.50845999999999,60.69692486211809,52.33808129334337,158.50845999999999,0.31277141638369277,0.679879992399104,2.2828009731303682,29.87710662629353,19.723828359921303,17.883585959552455,19.684342263522854,183.79497948314193,178.19280226352285
3.5418122389999382,3.966829707679931,4.559008404772192,4.057517480247252,15.070609148744408,15.52272742320674,16.40539581432674,15.913233939896942,0.6350690157864561,2.081120912895944,2.408231830082152,28.574560231525222,43.15430325763974,19.74826304596342,43.099811307156024,7.16999234856773,19.598783646389037,71.71811569722425,73.88744477322767,35.291961438955894,37.46129051495932,160.27694,62.90256630360316,50.26980365572375,160.27694,0.6350690157864561,2.081120912895944,2.408231830082152,28.574560231525222,19.598783646389037,18.612421387744348,20.964404219098935,185.0825569837501,181.24134421909895
3.602465101974315,4.034760914211233,4.398594245374704,3.9147488783834867,15.055028215134612,15.506679061588653,15.275236630327687,14.816979531417855,0.6555464200600719,2.4306930213358946,2.437986465278115,28.11481859318344,42.93296014571885,19.13968739105879,44.423437316291405,6.571808632864882,19.53402203148369,72.34038591994357,74.49578198271372,37.2402291303191,39.39562519308927,161.77253,62.07264753677764,50.99524594915629,161.77253,0.6555464200600719,2.4306930213358946,2.437986465278115,28.11481859318344,19.53402203148369,18.65749331710893,19.673830875702393,184.89845333438407,181.4463608757024
3.84433519311966,4.30565541629402,4.768898294009866,4.24431948166878,14.704077886453577,15.145200223047185,15.232329493128129,14.775359608334288,0.6294891881623015,1.0509411629078849,1.686618723555671,26.768321501756603,43.12241325273134,19.00337229783083,49.47228941024959,6.0460484832244035,17.80150292729559,71.75210102061892,73.94250458659704,36.632879856545024,38.82328342252315,158.65757000000002,62.12578555056217,55.51833789347399,158.65757000000002,0.6294891881623015,1.0509411629078849,1.686618723555671,26.768321501756603,17.80150292729559,18.548413079573233,20.001227787137996,184.12941002728743,178.658797787138
3.485385655573906,3.9036319342427737,4.692908771506255,4.176688806640566,13.607539135983297,14.015765310062797,14.772734491712269,14.3295524569609,0.6103495046777395,0.3200030640233381,1.5591834895163283,24.526063681256925,41.705562787317135,18.744164818495804,51.881272388316674,8.952959383466105,16.21264792285781,75.92318085037421,78.30780117800457,36.27997553109614,38.66459585872651,153.95063000000002,60.449727605812946,60.83423177178278,153.95063000000002,0.6103495046777395,0.3200030640233381,1.5591834895163283,24.526063681256925,16.21264792285781,17.092924791557202,19.465643263218524,181.60513183148507,173.41627326321853
3.3525348551973293,3.75483903782101,4.934673727453002,4.391859617433171,13.210910544781104,13.607237861124535,15.98292668964107,15.503438888951838,0.6078959651006901,0.45194118969622543,1.719424817908828,23.970459109950067,42.02734239147295,18.650247794330834,57.992407166974,9.545323601907311,15.843680654738934,74.0697434673385,76.3141120125372,37.06275826709322,39.307126812291926,156.51396,60.67759018580379,67.5377307688813,156.51396,0.6078959651006901,0.45194118969622543,1.719424817908828,23.970459109950067,15.843680654738934,16.563445399978434,20.91760041709407,187.37216809205827,177.43156041709406
3.8753740774063297,4.340418966695091,4.705880208715761,4.1882333857570275,14.701636165253634,15.142685250211242,15.689966978341314,15.219267968991073,0.6181602639489991,0.5892238349130833,1.8834345940272275,24.95388615763648,42.703922013770864,17.201007420562885,53.98124426515751,8.807708335003838,18.599806119808022,77.12125535207974,79.4072005564138,37.95330690552289,40.23925210985695,161.68613000000002,59.90492943433375,62.788952600161345,161.68613000000002,0.6181602639489991,0.5892238349130833,1.8834345940272275,24.95388615763648,18.599806119808022,18.577010242659963,20.395847187057075,187.91540324748888,182.08197718705708
3.795725510393893,4.251212571641161,4.2154953833073865,3.751790891143573,16.30111466735684,16.790148107377544,16.50879092737298,16.013527199551792,0.650801452732414,0.9585157267626283,2.31822188779237,26.71936942023053,41.859738246669586,18.588375256094043,46.07326264738042,7.747933750598852,22.2446154355159,79.02504765306475,81.44051014966135,35.048229126488415,37.46369162308501,161.37917999999996,60.44811350276363,53.82119639797927,161.37917999999996,0.650801452732414,0.9585157267626283,2.31822188779237,26.71936942023053,22.2446154355159,20.096840177750728,20.724286310680366,187.25767400152748,182.10346631068032
3.654161631470051,4.092661027246456,4.5917450570747045,4.086653100796486,15.370391559708724,15.831503306499988,16.27696329397845,15.788654395159096,0.6625752956982144,2.0835888284271533,2.144783650301445,27.32871535953729,42.51737579400041,18.81445905564948,43.390296886702686,8.417225532420362,23.492490607599088,78.36184976171032,80.7596786873783,35.1575503784037,37.555379304071685,162.30265,61.33183484964989,51.807522419123046,162.30265,0.6625752956982144,2.0835888284271533,2.144783650301445,27.32871535953729,23.492490607599088,19.024553191178775,20.868708351053154,187.8760642015149,183.17135835105316
3.599313952606517,4.031231626919299,4.559654913761011,4.0580928732473005,15.466760201466414,15.930763007510407,16.996961555433042,16.487052708770047,0.661333466305047,1.3217160386205664,1.983848790685997,26.725043757813808,42.537873653990616,19.338866962007632,45.118846286646544,9.380009677905418,22.738399404659955,82.24502624551425,84.7440221489896,37.454843080287404,39.95383898376276,162.83266,61.87674061599825,54.49885596455196,162.83266,0.661333466305047,1.3217160386205664,1.983848790685997,26.725043757813808,22.738399404659955,19.066074154072933,21.55661646919405,188.8720121927085,184.38927646919404
3.212414028429883,3.597903711841469,4.17424481950414,3.7150778893586844,15.386606157890236,15.848204342626941,16.395268879167645,15.903410812792616,0.12493643021848677,0.8144094621045326,2.0042855933101604,26.46106073564203,41.37147378010135,18.93670010102843,42.36988169667065,12.354757710990285,20.673890742365483,81.18138664129712,83.63038269230239,35.71138054645023,38.16037659745547,159.41447,60.308173881129775,54.72463940766093,159.41447,0.12493643021848677,0.8144094621045326,2.0042855933101604,26.46106073564203,20.673890742365483,18.599020186320118,20.569513698671784,183.7104164387515,179.9839836986718
3.6682362554025354,4.108424606050839,4.309102794734299,3.8351014873135263,15.162903682075877,15.617790792538152,15.71039842314335,15.23908647044905,0.021779104431696145,0.7481232441329675,1.8920073371110449,26.470051888260222,40.61972052765448,17.922859466254533,41.9986814898974,10.692202345152241,20.091310454814607,78.61123694726282,80.98227221963586,34.22636541368225,36.597400686055266,154.54693,58.542579993909015,52.69088383504964,154.54693,0.021779104431696145,0.7481232441329675,1.8920073371110449,26.470051888260222,20.091310454814607,18.831139937478408,20.01950121787765,179.2878757951876,174.56643121787764
3.475542542953985,3.8926076481084633,4.696756388251348,4.1801131855437,13.572533653317086,13.979709662916598,15.303554962445642,14.844448313572272,0.0338332781956516,0.6097262896580921,1.8347751697707346,25.543372764344085,40.61632549650078,17.618374571849483,52.00239845970705,8.499165184068529,17.694921042459498,83.31627764130796,85.86387924676856,37.3475336518798,39.89513525734041,156.77556,58.234700068350264,60.50156364377558,156.77556,0.0338332781956516,0.6097262896580921,1.8347751697707346,25.543372764344085,17.694921042459498,17.04807619627107,20.00031135069699,181.500968452825,176.77587135069697
3.558783334678029,3.9858373348393936,4.736599027433188,4.215573134415538,14.501830485321358,14.936885399881,15.94290552077935,15.464618355155968,0.047745806456705786,1.1971977199579371,1.9015734786064777,25.405510331269596,40.23742511421112,18.540292055627667,59.64738677113396,7.86633550961535,17.115866051323056,80.75146787074037,83.15200247235978,39.64964824515311,42.05018284677253,161.76265999999998,58.777717169838795,67.5137222807493,161.76265999999998,0.047745806456705786,1.1971977199579371,1.9015734786064777,25.405510331269596,17.115866051323056,18.06061381999939,20.679504548212538,190.01994665820126,182.44216454821253
4.01626542565766,4.49821727673658,4.573583577772707,4.07048938421771,14.89312378605483,15.339917499636472,15.37229105882913,14.911122327064252,0.05189011548022121,1.5369141396884118,2.388205884305168,26.751440255337446,39.094555386747246,17.577409392460606,47.14415046679479,10.326016244922299,21.015074071587286,78.622730121587,80.98888520041153,37.068696471878845,39.43485155070338,161.29114999999996,56.67196477920785,57.47016671171709,161.29114999999996,0.05189011548022121,1.5369141396884118,2.388205884305168,26.751440255337446,21.015074071587286,18.90938921171249,19.945874636601836,184.79504516903597,181.2370246366018
2.6088430280219037,2.9219041913845327,4.694185829141737,4.177825387936145,14.74444627616428,15.186779664449208,15.614480929763197,15.146046501870298,0.05238852509813042,1.7432364626290255,2.551364110760048,29.105097171728243,40.421890317594944,18.12743462327806,45.18756020092511,9.54504292637842,21.130774544154114,79.2443595100333,81.64014662068695,36.041416845150486,38.43720395580414,161.90222,58.54932494087301,54.73260312730353,161.90222,0.05238852509813042,1.7432364626290255,2.551364110760048,29.105097171728243,21.130774544154114,17.353289304186184,20.308666758904934,185.21807818673227,182.21088675890493
3.3780216015595053,3.783384193746646,3.5675942422278135,3.175158875582754,15.22536200015905,15.682122860163823,16.33957283972758,15.849385654535748,0.036452623086690436,1.2245525352586795,2.5148769204096717,29.16684697383757,40.33851126463032,17.303641248463894,43.94023700991987,9.30844903723529,23.105767009308853,84.49360364434415,87.02779740064713,38.226372882847826,40.760566639150824,162.40882000000002,57.64215251309421,53.248686047155154,162.40882000000002,0.036452623086690436,1.2245525352586795,2.5148769204096717,29.16684697383757,23.105767009308853,18.603383601718555,19.907167081955397,185.5427182238694,182.3159870819554
3.182738962504279,3.564667638004793,4.451090795382476,3.961470807890404,15.09418826666859,15.547013914668648,15.526474569774008,15.060680332680787,0.035000178560476894,0.7446803565166367,2.7662504671732053,28.225315051218537,40.775299648934904,16.27369444747697,41.147748718081985,11.164835105486125,23.41720917215762,85.4827661619381,88.05611335741376,37.001017790536764,39.57436498601241,158.89303999999998,57.04899409641187,52.312583823568104,158.89303999999998,0.035000178560476894,0.7446803565166367,2.7662504671732053,28.225315051218537,23.41720917215762,18.27692722917287,19.977565365156483,182.8269603747793,178.87060536515645
3.0822072387529116,3.4520721074032608,3.9023963677699287,3.4731327673152363,14.978991843807432,15.428361599121656,16.754057294076176,16.251435575253897,0.05171499311947159,1.8333254770375604,2.2819243093786583,27.908323743528268,40.31434196165379,16.80637912795507,40.59516034438265,7.126599610528121,23.873529344641703,81.47270569468753,83.98481763085388,34.90815947640737,37.420271412573726,153.91242,57.12072108960885,47.72175995491077,153.91242,0.05171499311947159,1.8333254770375604,2.2819243093786583,27.908323743528268,23.873529344641703,18.061199082560343,20.656453661846108,178.85249799478564,174.5688736618461
3.4660769702293397,3.882006206656861,3.6451170159739137,3.244154144216783,15.489870109095545,15.95456621236841,16.785415235156574,16.281852778101875,0.16744722757438046,2.6907278055024504,2.3430137388743413,27.860916327452916,41.64804997186022,17.91578993828207,40.6837917882458,5.321526342349813,24.084902108187563,79.32532393861612,81.73691438645508,36.35896281589068,38.77055326372967,156.17848,59.563839910142285,46.00531813059561,156.17848,0.16744722757438046,2.6907278055024504,2.3430137388743413,27.860916327452916,24.084902108187563,18.955947079324883,20.430532251130487,181.67211232765445,176.6090122511305
2.5646276591398602,2.8723829782366432,2.950856687624518,2.6262624519858218,15.779712781512925,16.253104164958312,16.293512752903133,15.80470737031604,0.1713059521825942,4.656031486019601,2.874021815392902,28.34845734694454,42.74282108051891,17.949192938658427,34.884963298962205,9.066252884455771,25.773432955702443,74.63973437695569,76.85897533781124,34.375717484800425,36.59495844565597,161.73430999999997,60.69201401917734,43.951216183417976,161.73430999999997,0.1713059521825942,4.656031486019601,2.874021815392902,28.34845734694454,25.773432955702443,18.344340440652786,19.244369440527652,184.81082019949017,180.97867944052763
3.285296636868138,3.6795322332923144,3.7894616221014155,3.3726208436702607,15.899705150888279,16.376696305414928,16.697021108495395,16.196110475240534,0.24119432244773606,5.950827862628886,3.0736901614395227,28.221526579256867,42.48676369137198,18.64136375289176,32.6080455005528,10.345786926205223,26.079910125757596,69.12791408746914,71.19152874404261,31.55753189561756,33.62114655219106,162.00100999999998,61.12812744426375,42.95383242675803,162.00100999999998,0.24119432244773606,5.950827862628886,3.0736901614395227,28.221526579256867,26.079910125757596,19.185001787756416,20.486482730596812,186.8341107103088,182.4874927305968
3.261063575780944,3.6523912048746574,4.000153571814852,3.560136678915218,15.274624568768298,15.732863305831344,16.914229267842703,16.406802389807424,0.5348667731593534,6.015323665420914,2.8879259578603156,28.117399316871467,42.569112667198205,19.022293316457958,37.659326718613364,9.127129476820581,25.401625867245983,74.84875812431366,77.10274800893453,34.71569323780133,36.969683122422175,163.54673,61.591405983656166,46.78645619543395,163.54673,0.5348667731593534,6.015323665420914,2.8879259578603156,28.117399316871467,25.401625867245983,18.53568814454924,20.914382839657556,189.8706919041974,184.46111283965752
1.2499671278681177,1.399963183212292,3.3148317548963475,2.9502002618577494,15.354658255468367,15.815298003132419,16.47633393340874,15.982043915406479,0.7440496747435761,4.244574134261461,2.8292473764086075,27.95038784374643,42.65802471350696,18.84359874462863,43.5765288754648,7.198665624261004,25.030888919651048,72.51933775905604,74.73219022345386,34.83249058016755,37.045343044565364,165.14288,61.50162345813559,50.77519449972581,165.14288,0.7440496747435761,4.244574134261461,2.8292473764086075,27.95038784374643,25.030888919651048,16.604625383336483,19.79116568830509,189.680591290009,184.93404568830505
1.929532692680206,2.1610766158018304,2.2730565408947254,2.023020321396306,15.92652298454199,16.404318674078247,16.06114369891831,15.579309387950762,0.41101175132205425,2.883247366396343,2.8862788278227343,27.661321335259604,41.197512642289574,17.66954417904377,41.74033682628609,7.988065358989505,24.463282238903183,75.41452396443871,77.68582394145326,34.52687898368553,36.79817896070007,162.23529,58.86705682133334,49.72840218527559,162.23529,0.41101175132205425,2.883247366396343,2.8862788278227343,27.661321335259604,24.463282238903183,17.856055677222194,18.33420023981304,184.75665620353504,180.56949023981304
2.90259093415035,3.250901846248393,3.323878216669775,2.9582516128361,15.400791435092174,15.862815178144938,16.328151239911477,15.838306702714137,0.04427543801271644,1.8591177729827515,2.326564011414258,27.299641071676906,41.86661859783578,17.379255190133023,44.8007657270394,10.875191398003883,22.483673708100792,77.76091135569824,80.11885527682404,35.07626446008259,37.43420838120838,157.64509,59.245873787968804,55.67595712504328,157.64509,0.04427543801271644,1.8591177729827515,2.326564011414258,27.299641071676906,22.483673708100792,18.30338236924252,19.652029456581253,187.23848528444202,177.29711945658124
3.0644601509756932,3.4321953690927773,3.1399521532649164,2.794557416405776,14.869329566235395,15.315409453222458,16.63643432218954,16.137341292523853,0.3337274044485459,2.3010029402362835,2.1334420954676814,28.63844769775234,41.87894175919172,18.39496534910045,47.17499424805207,9.25386250817722,22.320464758134467,79.28174147794942,81.66116447182729,35.45025461810799,37.82967761198585,160.31893999999997,60.273907108292164,56.42885675622929,160.31893999999997,0.3337274044485459,2.3010029402362835,2.1334420954676814,28.63844769775234,22.320464758134467,17.933789717211088,19.776386475454455,190.36363847777187,180.09532647545444
3.0010670766336673,3.361195125829708,3.4434918404925656,3.064707738038384,15.448890256394623,15.912356964086463,16.415059038079146,15.922607266936772,0.19579327101550323,1.24577677078451,2.312931186347809,30.08819155148839,42.04021484557858,18.20547312249858,48.49502352461004,9.348055505227947,22.47757783349975,74.71491889380326,76.97362534613048,36.023514269418115,38.28222072174531,165.89314,60.24568796807716,57.84307902983799,165.89314,0.19579327101550323,1.24577677078451,2.312931186347809,30.08819155148839,22.47757783349975,18.44995733302829,19.858550878571716,192.8589949440794,185.7516908785717
2.870669429445405,3.2151497609788535,4.386775493935108,3.904230189602246,15.353181748866554,15.81377720133255,16.468192597199835,15.974146819283837,0.28836275567124414,2.0280482741035515,2.6180274659261245,30.366455430443985,41.43730398175305,18.320250839012292,47.494568059167555,8.686600843706554,22.75414004999885,74.00303570427818,76.20201047489735,35.93030871424182,38.12928348486098,165.62627999999998,59.757554820765336,56.18116890287411,165.62627999999998,0.28836275567124414,2.0280482741035515,2.6180274659261245,30.366455430443985,22.75414004999885,18.223851178311957,20.854968091134943,192.21760887809518,186.48124809113492
3.5023416567559233,3.9226226555666357,3.8508800115867343,3.4272832103121944,15.893982309729358,16.37080177902124,16.89000497572523,16.383304826453475,0.6734742484321964,2.9610354273825537,2.4819372358229814,31.304556269004195,41.17932932591571,18.449630224750596,44.610029858647636,7.148876585791289,23.821118022488474,73.17391266217531,75.35279370393033,35.022569615373,37.20145065712803,166.69482000000002,59.628959550666295,51.75890644443892,166.69482000000002,0.6734742484321964,2.9610354273825537,2.4819372358229814,31.304556269004195,23.821118022488474,19.39632396648528,20.740884987311965,192.0263111647209,187.43570498731196
2.8071835489201096,3.1440455747905225,3.5564287509160346,3.1652215883152715,15.432916874462341,15.89590438069621,16.830847877586297,16.325922441258708,0.6974919332275245,2.9930323145703577,2.3696777230120825,31.506019487205403,41.67593365131138,17.532222089696273,47.18018302881627,8.234607151084887,23.28580788880185,73.09186128461413,75.35403311947798,33.946460915188794,36.20863275005264,167.72879999999998,59.20815574100766,55.41479017990116,167.72879999999998,0.6974919332275245,2.9930323145703577,2.3696777230120825,31.506019487205403,23.28580788880185,18.24010042338245,20.387276628502327,193.71507569110847,188.11607662850233
3.1061101456927442,3.4788433631758737,3.998539450032792,3.5587001105291862,16.030701538413542,16.511622584565952,16.427316946201277,15.934497437815239,0.6896699636745043,3.7587481304520876,2.263340974734542,30.176567284909602,41.612269166560594,17.893630073966722,44.0890407733935,6.827002605797016,21.98390729361315,74.17659072739663,76.48242119688432,35.60303599443916,37.908866463926856,164.07817,59.50589924052732,50.91604337919052,164.07817,0.6896699636745043,3.7587481304520876,2.263340974734542,30.176567284909602,21.98390729361315,19.136811684106284,20.42585639623407,188.430987951208,184.50402639623405
3.5678473551407297,3.995989037757618,4.584293185637546,4.080020935217416,14.439497724896437,14.872682656643331,16.73304198943431,16.231050729751278,0.6884169681881707,3.071025813209744,2.148667298770902,29.454435757098064,41.20511929564512,18.01790433743887,41.91515141114924,7.34400855258426,21.720394119370244,72.96995604692029,75.2072223196888,34.67553526992274,36.91280154269124,158.92816000000002,59.22302363308399,49.259159963733495,158.92816000000002,0.6884169681881707,3.071025813209744,2.148667298770902,29.454435757098064,21.720394119370244,18.007345080037165,21.317335175071854,183.57246863349178,180.24549517507185
3.46647629360778,3.8824534488407147,4.055974820340303,3.6098175901028706,14.16328284747768,14.588181332902014,15.65959518375278,15.189807328240196,0.6878029443792738,1.6694328726981955,2.224184554501945,29.711149221401172,38.88651091242403,16.449725014115433,49.726956606228725,6.565147361421547,21.027315322306716,78.516769578838,80.83255502138155,38.64939643741713,40.96518187996068,161.31989000000002,55.336235926539466,56.29210396765027,161.31989000000002,0.6878029443792738,1.6694328726981955,2.224184554501945,29.711149221401172,21.027315322306716,17.629759141085458,19.71557000409308,184.5779839505625,181.0354600040931
3.540843439276252,3.965744651989403,4.681225763786776,4.166290929770231,13.853021096984158,14.268611729893683,13.772991731999769,13.359801980039775,0.6889309314208738,1.7368007510733736,2.329758255728826,29.231660011922674,38.97321045545565,17.500549115624022,54.346260840130796,7.089660227755756,19.036723150698055,77.39301808959144,79.66646879008277,39.25756329358732,41.531013994078634,166.27146000000002,56.473759571079675,61.435921067886554,166.27146000000002,0.6889309314208738,1.7368007510733736,2.329758255728826,29.231660011922674,19.036723150698055,17.39386453626041,18.454217495786544,188.32741827607046,184.72567749578658
3.8328755040765956,4.292820564565789,4.854837304833832,4.32080520130211,13.841198921382707,14.25643488902419,14.996214245120656,14.546327817767036,0.7002600145726795,1.3536898810029605,2.5534840624252646,28.782264625923506,38.47640712058505,16.578725584820354,56.47473413572887,8.087782006950643,18.795275565974595,82.91781815739265,85.38101973307857,40.48005048833313,42.94325206401905,165.60705999999996,55.055132705405406,64.56251614267951,165.60705999999996,0.7002600145726795,1.3536898810029605,2.5534840624252646,28.782264625923506,18.795275565974595,17.674074425459303,19.85105154995449,189.47669742344323,185.45811154995445
3.638283880426576,4.074877946077765,4.873470090846159,4.337388380853082,14.150441730814782,14.574954982739227,15.1116652513593,14.658315293818523,0.697103347440081,1.4708435097259613,2.581885038518898,29.40113573853932,38.09326086404024,17.292454770369826,57.03946433766785,7.692895134544338,19.322272441075548,79.52021174420494,81.83935735119424,40.40548169978733,42.72462730677663,166.54405,55.38571563441006,64.7323594722122,166.54405,0.697103347440081,1.4708435097259613,2.581885038518898,29.40113573853932,19.322272441075548,17.78872561124136,19.98513534220546,191.3800407931634,186.52918534220547
3.9613444342264135,4.436705766333583,4.075768665374539,3.6274341121833387,14.998134598399783,15.448078636351777,15.70235186917227,15.231281313097103,0.6785499668524849,1.6716195501812408,2.943582180649729,30.951016546087796,38.14834702206709,16.723208025267347,48.715217558328575,8.593744148198029,22.89218594522955,83.52723234316866,85.96328834896065,38.77731260400262,41.213368609794585,167.3665,54.87155504733444,57.3089617065266,167.3665,0.6785499668524849,1.6716195501812408,2.943582180649729,30.951016546087796,22.89218594522955,18.9594790326262,19.778120534546808,190.27694997548804,187.14462053454682
3.634322799021407,4.070441534903976,5.049081078649564,4.493682159998112,14.372422288535901,14.803594957191981,15.061297278450274,14.609458360096765,0.6719093073162038,1.114218578172627,2.4885805986977987,29.365775811414398,38.8001318803403,17.418577217103397,49.318006524612784,9.923200642202683,20.389260157053304,84.77192604535237,87.27678139353146,40.28129296077166,42.786148308950736,163.74931999999998,56.21870909744369,59.24120716681547,163.74931999999998,0.6719093073162038,1.114218578172627,2.4885805986977987,29.365775811414398,20.389260157053304,18.00674508755731,20.11037835709984,187.49640580447084,183.85969835709983
3.3037789215072073,3.700232392088073,5.07633197816681,4.517935460568461,13.169613612396617,13.564702020768518,16.0493994708838,15.567917486757285,0.7076843404911601,0.693442176970249,2.250822011660947,29.321759125945984,38.88164077892846,17.331678716982406,44.37555264499642,11.772072007764514,20.93548788912539,85.2391972096581,87.77776754539664,39.212377860530886,41.75094819626941,158.51066999999998,56.213319495910866,56.14762465276093,158.51066999999998,0.7076843404911601,0.693442176970249,2.250822011660947,29.321759125945984,20.93548788912539,16.473392533903827,21.125731449050612,182.74353222676933,179.6364014490506
1.9888449572360247,2.2275063521043474,3.2453306020364194,2.8883442358124127,14.343614292336019,14.7739227211061,15.484090884917432,15.019568158369909,0.7678214373073048,1.3786782276703826,2.332330059022303,30.88353226486055,37.571119138138585,16.62191065297534,41.707731195789506,10.854600959979196,24.65254810380344,79.62807642641734,81.96457042418331,37.636355519300864,39.97284951706682,160.63300999999998,54.19302979111393,52.5623321557687,160.63300999999998,0.7678214373073048,1.3786782276703826,2.332330059022303,30.88353226486055,24.65254810380344,16.332459249572043,18.729421486953854,183.10273128911865,179.36243148695385
3.1330883130475384,3.509058910613244,2.521263491040088,2.243924507025678,14.621303467583315,15.059942571610815,14.364259428006863,13.93333164516666,0.8902952536783887,4.1756579833308525,2.3152059343785565,30.937813928165323,37.44599001504532,15.566530461669235,41.92863218611883,8.810445909364057,25.953740476237908,77.83511282879486,80.17411429564297,36.25073787801006,38.58973934485817,165.70891999999998,53.012520476714556,50.73907809548289,165.70891999999998,0.8902952536783887,4.1756579833308525,2.3152059343785565,30.937813928165323,25.953740476237908,17.754391780630854,16.885522919046952,185.77870392861934,182.59444291904694
2.928776662960198,3.2802298625154216,3.4172142039034834,3.0413206414741,14.816405496333516,15.260897661223522,15.15724367658446,14.702526366286921,0.6958671756461788,6.166341817963669,2.867927209663971,31.190332397167438,36.847594509561596,16.102737940871148,40.0824103126801,8.380601459176999,26.948196530794633,77.73575463716074,80.10525871725868,35.75174409851139,38.12124817860934,165.48099,52.95033245043275,48.463011771857104,165.48099,0.6958671756461788,6.166341817963669,2.867927209663971,31.190332397167438,26.948196530794633,17.745182159293712,18.57445788048794,187.02719151281943,184.05544788048795
2.275111876228833,2.548125301376293,2.3171241863368155,2.062240525839765,14.676337578048305,15.116627705389757,15.581386036338095,15.11394445524795,0.6880200014625247,5.82683794996268,2.821195805882294,31.2224265655395,36.661314599101004,15.800810165955463,43.894556422641955,7.978579307853463,26.378509728186135,77.20415912563178,79.51996928827111,36.52525698504284,38.84106714768217,166.97431,52.462124765056465,51.87313573049541,166.97431,0.6880200014625247,5.82683794996268,2.821195805882294,31.2224265655395,26.378509728186135,16.95144945427714,17.89851022267491,188.22370000086215,184.8728202226749
2.4261602263649276,2.717299453528719,4.043158349113357,3.5984109307108882,14.182587582129894,14.60806520959379,16.050246317936555,15.56873892839846,0.6740348523584136,4.690243580044962,2.5483170119783187,31.030700537372415,38.622316806615785,16.78742577773552,47.9736713245047,8.32237979309396,25.101855602654727,77.05067032368397,79.38589611266309,36.92974750418586,39.26497329316498,168.14185,55.40974258435131,56.296051117598665,168.14185,0.6740348523584136,4.690243580044962,2.5483170119783187,31.030700537372415,25.101855602654727,16.60874780849482,20.093404667049914,192.3596930948536,188.23525466704993
2.8467404367797573,3.1883492891933285,3.6751104879756,3.2708483342982837,14.066999162027876,14.489009136888713,14.601553290182839,14.163506691477355,0.1797264287958924,4.420048838915741,2.4549916639394223,30.76757067220298,37.88894798604487,16.177784206763416,44.730865730045785,8.580156245932358,24.4847271054021,78.35321892243068,80.74882628565454,36.634020315812826,39.02962767903669,164.56109999999998,54.06673219280829,53.31102197597815,164.56109999999998,0.1797264287958924,4.420048838915741,2.4549916639394223,30.76757067220298,24.4847271054021,16.91373959880763,18.27666377815844,186.5985584768502,182.8377637781584
3.0489254121134945,3.414796461567115,3.0126316653891942,2.6812421821963826,13.727897449089536,14.139734372562222,15.815785212297339,15.341311655928415,0.03636870631217002,2.1175481145219455,2.519668301429917,30.48916671722784,36.694936663645365,15.588910492461828,42.93367309766243,11.344172165742865,24.04361466734598,80.87680159282715,83.31673182384765,36.46001769752578,38.899947928546275,159.61269,52.283847156107186,54.27784526340529,159.61269,0.03636870631217002,2.1175481145219455,2.519668301429917,30.48916671722784,24.04361466734598,16.77682286120303,18.82841687768653,182.54488178755338,178.4411068776865
3.217007841259943,3.603048782211137,4.154749597888494,3.697727142120759,15.305665586655536,15.764835554255201,15.05804759572125,14.606306167849612,0.03642621303004469,1.066570303305177,2.3962064424336327,30.69247210496083,37.14919635614121,16.646558772574355,42.15744753194418,12.844222099952066,23.35278731411208,77.91372304839972,80.22169278999351,34.74179042609445,37.04976016768824,161.70293,53.79575512871557,55.00166963189625,161.70293,0.03642621303004469,1.066570303305177,2.3962064424336327,30.69247210496083,23.35278731411208,18.522673427915482,19.21279719360974,184.86456056636908,180.91572719360974
3.158944474680484,3.5380178116421424,4.90349440513996,4.364110020574565,14.692512843968101,15.133288229287144,15.172213213083744,14.71704681669123,0.03549774742408271,1.1477871422353252,2.3143986874649163,30.188220177166947,38.20101167193287,16.629601974559506,47.69456576889087,13.525235909430423,22.8671131566501,77.62077481384217,79.85689026095181,36.87618106925523,39.11229651636487,166.78292000000002,54.830613646492374,61.21980167832129,166.78292000000002,0.03549774742408271,1.1477871422353252,2.3143986874649163,30.188220177166947,22.8671131566501,17.851457318648585,20.075707618223703,190.45488955440362,186.85862761822372
3.1639616193418494,3.543637013662872,3.4728655330765688,3.090850324438146,13.968757214507367,14.38781993094259,15.457705906141515,14.993974728957273,0.03912283300982716,1.5881858529607469,2.15271711968671,29.878354916699188,38.032410302052334,14.94305392000153,50.50915597443143,14.451152426883752,23.083743839499043,80.30425483658951,82.66153248562524,36.794590178799886,39.15186782783562,166.45843999999997,52.975464222053866,64.96030840131519,166.45843999999997,0.03912283300982716,1.5881858529607469,2.15271711968671,29.878354916699188,23.083743839499043,17.132718833849218,18.930571439218085,191.81061601907376,185.38901143921808
2.424174368930455,2.7150752932021107,4.5647013000999435,4.06258415708895,15.079629554762672,15.532018441405551,16.82555204492452,16.320785483576785,0.10800926937524406,3.5977873492187986,2.2367758263660065,30.48947592757111,39.398769411032184,15.759340764346796,48.254683731814616,12.223520112330494,23.36904616051171,79.28435819776534,81.69329161446841,35.65115711178891,38.06009052849198,167.09726999999998,55.15811017537898,60.47820384414511,167.09726999999998,0.10800926937524406,3.5977873492187986,2.2367758263660065,30.48947592757111,23.36904616051171,17.503803923693127,21.390253345024462,192.9412124762601,188.48752334502444
3.530222692604082,3.953849415716572,3.1131678586998546,2.770719394242871,15.189495281413052,15.645180139855444,16.215519893600675,15.72905429679265,0.6706860459644028,4.1526824314456405,2.7126942636654436,31.432690924795153,39.13701702845638,16.35271180885478,43.45444524098433,9.039990908894854,25.17706513109163,80.85460183986199,83.28970690537993,37.04492541093166,39.48003047644962,167.76622999999998,55.48972883731116,52.494436149879185,167.76622999999998,0.6706860459644028,4.1526824314456405,2.7126942636654436,31.432690924795153,25.17706513109163,18.719717974017133,19.328687752300528,190.84970175816974,187.09491775230052
2.903050470871643,3.2514165273762416,3.129060833946844,2.7848641422126907,15.389645973090955,15.851335352283686,15.849010886526473,15.37354055993068,0.8401017238733937,4.826915013489855,2.7611217315303094,31.67538181922728,38.349665405073296,16.294953525938258,40.46890463539269,7.771493608623099,24.99432017540872,81.21467055103052,83.67663461311571,35.96254176623576,38.42450582832094,163.82656,54.64461893101156,48.240398244015786,163.82656,0.8401017238733937,4.826915013489855,2.7611217315303094,31.67538181922728,24.99432017540872,18.292696443962598,18.97807172047332,186.2755540825195,182.80463172047334
2.517814001302371,2.8199516814586567,2.839731515775808,2.5273610490404694,14.593969246261636,15.031788323649488,14.513817901853834,14.07840336479822,0.16999551598444082,3.4625489946641537,2.377881273085871,31.422251095167738,37.99845321693038,16.829171770118357,39.93001130770337,8.347006124642128,22.68598502855398,71.77033455105759,73.9712435154912,33.36222489049353,35.56313385492711,158.26728,54.82762498704873,48.2770174323455,158.26728,0.16999551598444082,3.4625489946641537,2.377881273085871,31.422251095167738,22.68598502855398,17.11178324756401,17.35354941762964,180.33508757441442,175.62082941762964
3.3085900306878506,3.7056208343703925,4.664355543039029,4.151276433304735,12.135300566647192,12.499359583646607,15.129774247039544,14.675881019628356,0.0858410964417597,2.84210979765979,2.147499091015088,29.084299685167167,39.07641180108948,18.037806507635572,51.10678017929272,10.439887947320607,17.902880837432335,67.50575052921234,69.50147526473769,36.44921182330103,38.444936558826384,159.65784,57.11421830872504,61.54666812661333,159.65784,0.0858410964417597,2.84210979765979,2.147499091015088,29.084299685167167,17.902880837432335,15.443890597335043,19.79412979007857,186.16740754038958,179.45196979007858
3.5095148097059576,3.930656586870673,4.1810374187966515,3.72112330272902,15.190607938728444,15.646326176890302,15.612232941422654,15.143865953179976,0.15054665461110062,1.7095845974694912,2.719521876889723,29.79477815945011,38.42072105785424,18.176681535207585,50.527016279705975,9.914460623836534,18.618193910148772,73.17541219017467,75.31740466540123,37.41872784809538,39.56072032332194,164.04327,56.59740259306182,60.44147690354251,164.04327,0.15054665461110062,1.7095845974694912,2.719521876889723,29.79477815945011,18.618193910148772,18.700122748434403,19.793270360219307,188.73162744360792,183.83654036021932
3.307182725375643,3.704044652420721,4.608132190176337,4.101237649256939,14.989658349866374,15.439348100362368,15.860064104906476,15.384262181759283,0.4958240747995356,2.7059682519471315,3.0815333682206187,30.172477832010973,38.53507589196684,17.63007164179524,50.537358770241724,7.3861536911181,19.77579803188768,77.42931914673382,79.73203720317422,37.519141281340396,39.82185933778079,163.37009,56.16514753376208,57.92351246135982,163.37009,0.4958240747995356,2.7059682519471315,3.0815333682206187,30.172477832010973,19.77579803188768,18.296841075242018,20.468196295082812,188.61710262922983,183.8382862950828
3.112702022118288,3.4862262647724833,4.00032189004425,3.5602864821393827,15.089788500406872,15.542482155419078,16.263382431393364,15.775480958451563,0.7216617953617183,2.6060707697432886,3.273757039373998,30.274984726104005,39.30211167947755,17.957316887336386,47.924375592810996,6.241681108669898,20.943455652887305,75.79869394032383,78.0604594672864,36.70929870164955,38.97106422861213,164.07997,57.25942856681394,54.1660567014809,164.07997,0.7216617953617183,2.6060707697432886,3.273757039373998,30.274984726104005,20.943455652887305,18.20249052252516,20.263704321437615,187.4479057742903,184.34367432143762
3.4230308993818443,3.8337946073076665,4.0684145535641925,3.6208889526721313,15.40067084900252,15.862690974472592,16.083290877858857,15.60079215152309,0.7164177308184999,2.4941448553285515,2.7981620601595867,30.514827157970576,39.37574363468756,18.662748452443978,46.52208262384782,7.658620618058123,20.730809922830314,72.27679818383373,74.4055777149273,36.33604804004837,38.464827571141946,165.12768000000003,58.038492087131544,54.18070324190594,165.12768000000003,0.7164177308184999,2.4941448553285515,2.7981620601595867,30.514827157970576,20.730809922830314,18.823701748384362,20.15170543142305,188.29725880452938,185.2793854314231
3.0570189259488214,3.42386119706268,4.5722700835963455,4.069320374400747,14.681947891340322,15.122406328080531,16.775834252335642,16.27255922476557,0.7142190085431231,1.5955891225185102,2.563913991456159,29.634989435896365,40.054867498110355,17.583286908533605,51.0231905278935,6.571822971784417,19.31240175779318,73.78708957954227,75.93713580344264,38.413711198700966,40.56375742260132,161.65285999999998,57.638154406643956,57.59501349967792,161.65285999999998,0.7142190085431231,1.5955891225185102,2.563913991456159,29.634989435896365,19.31240175779318,17.738966817289143,21.348104335931986,186.79324803981834,183.00096433593197
3.414763341678428,3.8245349426798394,4.0974777541340535,3.646755201179308,15.3280234913178,15.787864196057336,15.231921425552457,14.774963782785884,0.6842322543401552,2.916504058041544,2.3733377053808304,29.625121406852106,38.130098402449505,17.56250928820585,44.6862222155923,5.343346914651596,20.794782629140958,77.41398330871625,79.75399214484317,34.93492826063119,37.27493709675809,156.33312,55.69260769065536,50.0295691302439,156.33312,0.6842322543401552,2.916504058041544,2.3733377053808304,29.625121406852106,20.794782629140958,18.74278683299623,19.329399179686508,180.85894170765107,175.6625191796865
3.114385467056535,3.4881117231033203,4.34267613691707,3.8649817618561935,15.550326024162773,16.016835804887656,17.034609058311574,16.523570786562225,1.166408997898655,4.392487487945842,2.342071603864843,30.345565715060523,38.541925593334916,17.556312338032686,41.03944283631186,6.762287888442607,22.657954975561495,83.41942941033365,85.95183757269838,34.618647654223345,37.15105581658809,158.05031,56.0982379313676,47.80173072475448,158.05031,1.166408997898655,4.392487487945842,2.342071603864843,30.345565715060523,22.657954975561495,18.664711491219308,21.377285195228644,183.46916892767274,179.42759519522863
2.4119407792444174,2.701373672753748,2.45772952498416,2.1873792772359026,15.774376261251195,16.24760754908873,16.86233699753945,16.356466887613266,0.8585677259966437,5.889987536831766,3.0094046245296346,31.378370444560282,38.446526196884314,17.542582366026558,35.649538040879904,8.34582515933303,25.94620404828064,73.83724696238392,76.09537251799128,32.951840423892506,35.20996597949986,162.99667,55.989108562910864,43.995363200212935,162.99667,0.8585677259966437,5.889987536831766,3.0094046245296346,31.378370444560282,25.94620404828064,18.186317040495613,19.320066522523607,185.25332318381837,182.3167365225236
2.706279902974459,3.0310334913313945,3.1852060055473883,2.8348333449371768,15.538207832613557,16.004354067591965,17.096110799056348,16.583227475084655,0.0888312596953267,4.526098930852473,3.4051663904424054,31.73658375850283,38.40981335092136,16.56802888406036,37.17748418092219,10.19999035207326,25.20990720229834,75.49495769087271,77.72738421515466,32.302032394915415,34.53445891919735,162.52289000000002,54.97784223498172,47.37747453299546,162.52289000000002,0.0888312596953267,4.526098930852473,3.4051663904424054,31.73658375850283,25.20990720229834,18.244487735588017,20.281316804603737,185.56639204535657,182.80420680460375
0.8101307114699198,0.9073463968463104,3.387872793033477,3.015206785799794,14.933334151683123,15.381334176233617,16.439321562761776,15.946141915878922,0.1284922104984217,4.604034804750926,3.253734824783186,31.825022142200424,36.67895193392561,15.836561235766432,42.40869984046103,11.732258412281702,24.46882453177921,76.79749279909848,79.07978612585494,32.74853662268555,35.030829949441994,163.57071,52.515513169692035,54.14095825274274,163.57071,0.1284922104984217,4.604034804750926,3.253734824783186,31.825022142200424,24.46882453177921,15.743464863153042,19.82719435579525,186.6800447996,183.39790435579525
3.155517180353742,3.5341792419961924,0.936016318078222,0.8330545230896178,16.33891844659709,16.829085999995005,16.139540418238074,15.65535420569093,0.6884881189713746,4.945628560044937,3.3503841363602858,31.81760574689219,36.21953296614563,15.372994515108594,40.13162112644847,8.120658540316388,24.95611108743276,73.21184899396226,75.38191468979417,33.09100199117842,35.26106768701032,164.82891,51.59252748125423,48.252279666764856,164.82891,0.6884881189713746,4.945628560044937,3.3503841363602858,31.81760574689219,24.95611108743276,19.494435626950835,17.075556736316297,185.09746042467148,181.9044667363163
3.068267643015754,3.436459760177645,3.73344806757418,3.32276878014102,15.24667153809834,15.704071684241292,16.361216018540745,15.87037953798452,0.6854476627558608,3.6021174036613828,2.9038362801868898,30.86219566274431,37.867305282356746,16.3163937442459,47.27885076530196,7.084634829769487,19.934275882222092,76.61555493937001,78.90683241962746,36.59119618981767,38.88247367007513,161.42264,54.183699026602646,54.36348559507145,161.42264,0.6854476627558608,3.6021174036613828,2.9038362801868898,30.86219566274431,19.934275882222092,18.314939181114095,20.094664086114925,184.84999669435874,181.51730408611493
3.206169457383816,3.5909097922698754,4.470658185884955,3.978885785437611,15.156242678797664,15.610929959161595,16.01563231368133,15.53516334427089,0.6597526730956851,3.9098693767798935,2.5000039061449355,29.586473185049883,38.333989578327056,17.694615587914733,44.60788970091872,8.770410185854685,17.80702325182171,70.50900710667928,72.60420227035141,33.73881926239435,35.83401442606648,156.34850999999998,56.02860516624179,53.378299886773405,156.34850999999998,0.6597526730956851,3.9098693767798935,2.5000039061449355,29.586473185049883,17.80702325182171,18.36241213618148,20.486290499566287,182.2324395820888,176.83480049956628
2.573951166297749,2.882825306253478,4.696022022948698,4.17945960042434,15.06388610229235,15.51580268536112,16.669412599884243,16.169330221887712,0.6623059095437285,3.580020551728878,2.469273585515826,30.10243645762075,38.20816720736,17.60598970309384,46.372902078127055,9.352990036747148,18.836855105441526,77.01448419058761,79.3025074349107,35.02381460605321,37.31183785037628,158.45166,55.81415691045384,55.72589211487419,158.45166,0.6623059095437285,3.580020551728878,2.469273585515826,30.10243645762075,18.836855105441526,17.6378372685901,21.365434622832943,184.82877790376884,179.81709462283297
3.2972226098551642,3.6928893230377837,2.950091659523925,2.6255815769762925,16.46054145232251,16.954357695892185,17.207806311682806,16.69157212233232,0.7136768710029587,4.1400616608248075,2.9991784705912323,31.62362424222432,38.83975724857634,17.544462968850514,38.401813649648055,8.320929404814905,24.083610730940993,77.55214714827672,79.82705174294583,34.16751070593584,36.44241530060496,163.39845000000003,56.384220217426844,46.72274305446295,163.39845000000003,0.7136768710029587,4.1400616608248075,2.9991784705912323,31.62362424222432,24.083610730940993,19.757764062177674,20.15789797120673,186.4248793096518,183.55634797120675
2.687216983531594,3.009683021555386,3.6274743261925204,3.2284521503113432,14.965857705767496,15.41483343694052,16.823534406035083,16.31882837385403,0.7471860693652707,5.3147842135931755,3.1622663902852044,31.83059408304912,38.42765057358817,16.939085008977145,41.40584054055292,7.918079892394893,22.88520437818405,75.48601896055634,77.73272237514576,35.52480277425566,37.77150618884507,162.83219999999997,55.36673558256531,49.323920432947816,162.83219999999997,0.7471860693652707,5.3147842135931755,3.1622663902852044,31.83059408304912,22.88520437818405,17.65307468929909,20.451008732227606,186.28376583928903,183.2832087322276
2.3116017330426804,2.588993941007802,3.1117955459875533,2.769498035928923,14.011449618727818,14.431793107289652,14.806991678073604,14.362781927731398,0.728237489338903,6.9869088568755355,3.3866596104850673,31.83313516999878,37.13076721058391,16.067264454383757,40.994487719852486,9.229519896364891,21.821238078673744,77.50515904968353,79.77910728137749,35.50653781751252,37.7804860492065,163.73474000000002,53.19803166496767,50.22400761621737,163.73474000000002,0.728237489338903,6.9869088568755355,3.3866596104850673,31.83313516999878,21.821238078673744,16.3230513517705,17.91878722406116,184.50126983832757,181.65352722406118
3.3186429350208035,3.7168800872233008,2.912300906070521,2.591947806402763,14.078732187241028,14.50109415285826,13.98460460360776,13.565066465499525,0.7739719278548173,6.191510517271529,3.352924842036475,31.847817110177218,36.24591618898027,15.680229338725105,40.33955619551169,10.319767405842315,22.26869990605632,79.57404605672245,81.94484061665398,35.376001370528314,37.74679593045983,164.71219,51.926145527705366,50.659323601354004,164.71219,0.7739719278548173,6.191510517271529,3.352924842036475,31.847817110177218,22.26869990605632,17.39737512226183,16.89690550967828,184.41776855471753,181.60909550967827
2.064990329051249,2.312789168537399,3.3392706394324123,2.9719508690948473,13.564888776949132,13.971835440257607,14.941760912746043,14.493508085363658,0.6635485256745819,2.980340550564009,3.209041757931695,31.864787881331967,36.8757887068259,15.985951189739742,43.486707515132274,10.375925482942538,21.075183284207668,71.91709602609149,73.99210205679846,35.23397146067877,37.30897749138573,161.21715,52.86173989656564,53.862632998074815,161.21715,0.6635485256745819,2.980340550564009,3.209041757931695,31.864787881331967,21.075183284207668,15.629879106000383,18.281031552178455,182.14715400035078,179.49818155217847
2.9453110941073546,3.2987484254002366,3.7974044547867134,3.3796899647601757,14.50038138276408,14.935392824247005,15.315608829764459,14.856140564871525,0.6622187879395822,2.2729693959594712,3.0326434338249615,30.996142299062136,36.88057626212022,16.377323212311325,40.39915271017213,9.72310259289675,20.685139263234298,75.19324438953993,77.39231244598292,34.45584288961093,36.65491094605395,155.89007999999998,53.25789947443155,50.12225530306888,155.89007999999998,0.6622187879395822,2.2729693959594712,3.0326434338249615,30.996142299062136,20.685139263234298,17.445692476871436,19.113013284551172,178.4749604343923,175.00309328455117
3.325243589002014,3.724272819682256,4.019109463317929,3.5770074223529575,14.227876720690375,14.654713022311087,15.844801978217356,15.369457918870836,0.6892847660952708,1.5481882728422156,2.9449627187490397,30.391066541634387,37.28398588280552,16.790723939327215,43.9549904343415,10.011170639711787,19.53850700594155,77.06750782792548,79.3422544978119,34.57611259746969,36.8508592673561,157.30847,54.074709822132725,53.96616107405328,157.30847,0.6892847660952708,1.5481882728422156,2.9449627187490397,30.391066541634387,19.53850700594155,17.55312030969239,19.863911441535286,180.70600051114087,177.1723814415353
2.5493530474791584,2.855275413176657,3.6778494393120114,3.2732860009876896,14.045685127700875,14.4670556815319,15.297732440024184,14.838800466823457,0.7019510580903114,3.337714692682008,3.0661903810617526,31.17575276037706,37.81846714744586,17.4957165975468,44.977916364672346,8.74995208167332,19.779406679235105,67.2327248697395,69.21011494167138,34.41726611123653,36.39465618316841,161.73810999999998,55.314183744992654,53.72786844634567,161.73810999999998,0.7019510580903114,3.337714692682008,3.0661903810617526,31.17575276037706,19.779406679235105,16.59503817518003,18.975581879336193,183.6981059379646,180.71369187933618
3.108034749148078,3.4809989190458475,3.9558927739603336,3.5207445688246977,15.140181114221113,15.594386547647748,16.03000820603971,15.549107959858521,0.702710576814672,3.567323202175852,3.484158087232156,30.827023119470667,37.39380916396238,17.632695606432055,45.690343153910305,6.290025076955698,21.37891288306232,76.0890912165086,78.39365589306867,34.5845805354471,36.88914521200716,161.21892,55.02650477039444,51.980368230866,161.21892,0.702710576814672,3.567323202175852,3.484158087232156,30.827023119470667,21.37891288306232,18.24821586336919,19.985900980000046,185.2152167333853,181.20482098000002
3.056575369116471,3.423364413410448,3.371640384788654,3.0007599424619023,15.494697073346401,15.959537985546795,15.743936911727646,15.271618804375816,0.7119243692098879,3.6374280758941566,3.554841487255965,31.5697181639939,36.268553524896774,17.776539893429536,42.13829103449455,5.88255853952885,24.295958963588426,72.42885805479027,74.5993761230993,34.40480280620804,36.575320874517075,161.63344999999998,54.04509341832631,48.0208495740234,161.63344999999998,0.7119243692098879,3.6374280758941566,3.554841487255965,31.5697181639939,24.295958963588426,18.551272442462874,19.1155772965163,184.38708649475493,180.7490272965163
3.5139420109126296,3.935615052222145,3.5979389621106384,3.2021656762784674,15.085369405937614,15.537930488115745,16.397209399738223,15.905293117746071,0.7149571502553029,3.2248478108470717,3.5143567152947868,31.595659939869545,36.67616947387603,16.941319758953117,45.94889423320184,4.941882154842895,24.175543669787807,75.91260844123211,78.12479024025623,35.914275184331245,38.12645698335537,161.78915,53.61748923282915,50.890776388044735,161.78915,0.7149571502553029,3.2248478108470717,3.5143567152947868,31.595659939869545,24.175543669787807,18.599311416850245,19.995148361848855,186.33294232377864,181.78429836184887
2.744230573024654,3.0735382417876127,3.563669205232492,3.1716655926569173,13.708527899496332,14.119783736481223,14.382334187742947,13.950864162110658,0.6759766567619575,2.3728129510515905,3.110046964551689,28.936205151976754,36.518399195330964,15.658197555474834,53.07763108090289,4.3723388552404945,19.45345760509569,78.1352223621557,80.4827116916569,37.20766587920116,39.55515520870236,158.05674,52.1765967508058,57.44996993614338,158.05674,0.6759766567619575,2.3728129510515905,3.110046964551689,28.936205151976754,19.45345760509569,16.452758472520987,17.946003392975438,180.62782448890786,176.00274339297542
2.503910536477725,2.804379800855052,4.125690154180336,3.671864237220498,11.461324945007036,11.805164693357247,12.989866402513735,12.600170410438327,0.657985538741759,1.4195017796513705,2.0302133413743855,27.508404730166752,35.536517942721744,15.144572921930305,62.18075585663779,6.877342689185265,15.309282253740225,69.50102577467264,71.56833469133909,37.03705950241931,39.10436841908576,152.95496,50.68109086465205,69.05809854582304,152.95496,0.657985538741759,1.4195017796513705,2.0302133413743855,27.508404730166752,15.309282253740225,13.965235481484761,17.11555655669407,180.62981253563436,170.07051655669406
2.936835112896798,3.2892553264444144,4.567503031864654,4.065077698359541,11.435243281966724,11.778300580425725,13.224890623424594,12.828143904721856,0.26374093537004945,1.3023740437546631,1.9789539166273251,27.591118111089738,34.48078151576086,14.963616605441878,62.147901925266375,9.421660799468626,14.817939625415901,72.53222353504636,74.66801673126824,37.332301887527954,39.468095083749816,155.23951,49.44439812120273,71.569562724735,155.23951,0.26374093537004945,1.3023740437546631,1.9789539166273251,27.591118111089738,14.817939625415901,14.37207839486352,17.79239365528925,181.34016587305894,173.03190365528923
3.543147689411737,3.9683254121411466,3.1413760518940737,2.7958246861857257,15.318038683062477,15.777579843554351,14.990020495874914,14.54031988099867,0.33155903430005673,2.1694737182729673,3.0878031805328785,29.878926009011856,36.55008847521766,15.564868770917636,45.96199541423573,8.560925569826479,20.425158895638997,71.49636504855111,73.64164565990114,33.531777932813114,35.67705854416314,159.86812999999998,52.114957246135305,54.52292098406221,159.86812999999998,0.33155903430005673,2.1694737182729673,3.0878031805328785,29.878926009011856,20.425158895638997,18.861186372474215,18.131396547768986,181.3919854404285,177.99952654776897
2.4773837735412325,2.7746698263661815,3.7124555359845344,3.3040854270262368,14.551258547644089,14.987796304073413,15.978994337155134,15.499624507040483,0.14900440978280338,2.2817598398410923,3.176143848895144,29.277008122175136,36.66183572726486,15.919775319540292,50.930668169775394,9.363359971070027,18.592829645336842,70.27936336723084,72.32222661162234,36.91537074087702,38.9582339852685,160.85470999999998,52.58161104680515,60.29402814084543,160.85470999999998,0.14900440978280338,2.2817598398410923,3.176143848895144,29.277008122175136,18.592829645336842,17.028642321185323,19.69144987313967,183.3810273748669,180.54615987313966
3.5502928721095617,3.976328016762709,3.6835756419691323,3.2783823213525287,15.741200570861748,16.2134365879876,16.087169756103552,15.604554663420442,0.06908392460022071,2.5248549678174412,3.020336996178031,29.77585661863073,36.679572216128946,15.470983494551556,45.716134960775285,10.52201602484658,21.02863011732817,72.70900120918063,74.88785039867093,36.22874577970359,38.4075949691939,161.72069000000002,52.15055571068051,56.238150985621864,161.72069000000002,0.06908392460022071,2.5248549678174412,3.020336996178031,29.77585661863073,21.02863011732817,19.291493442971312,19.770745398072684,184.0989627638283,181.49143539807267
2.997022723200029,3.3566654499840327,3.5114013452693307,3.1251471972897034,14.30889651283521,14.738163408220267,15.463039705685928,14.999148514515351,0.045310657422100074,1.7190753202504052,2.2326569571734667,28.604296222778142,37.329323792747125,16.76744922472547,50.857262190997346,11.196749871665187,18.902324169512042,69.10503298110686,71.09893176766509,36.80199109787367,38.79588988443191,162.3465,54.0967730174726,62.05401206266254,162.3465,0.045310657422100074,1.7190753202504052,2.2326569571734667,28.604296222778142,18.902324169512042,17.30591923603524,18.97444105095526,184.96036764330654,181.32094105095527
3.057532054059081,3.4244359005461713,4.914430783472813,4.373843397290805,13.293586489131139,13.692394083805072,15.067508432819434,14.615483179834852,0.027416794248276366,1.011654693330771,2.150429152284291,27.920911312263822,37.94996092970055,15.431954810144173,55.51862610073628,12.286142860846727,15.804372422025533,72.1424716239536,74.29349075506724,36.25010722213773,38.40112635325137,158.88891999999998,53.38191573984472,67.80476896158301,158.88891999999998,0.027416794248276366,1.011654693330771,2.150429152284291,27.920911312263822,15.804372422025533,16.35111854319022,19.98193921629225,184.45258761877065,178.87085921629225
2.9389519397231822,3.291626172489964,4.2283662672470355,3.763245977849861,13.695451295505947,14.106314834371126,15.49875713147667,15.03379441753237,0.02743868965053878,0.6336215165631901,1.9543920203138552,28.408328703000198,36.89917572473534,17.12507041946936,45.576060720932304,12.738028525207392,17.6050040131522,71.11157033006714,73.26458043696866,34.330624015074676,36.483634121976195,153.96609,54.02424614420471,58.314089246139694,153.96609,0.02743868965053878,0.6336215165631901,1.9543920203138552,28.408328703000198,17.6050040131522,16.63440323522913,19.727123398723702,177.6015235682535,173.69321339872369
3.382661361517101,3.788580724899153,3.824569826631143,3.4038671457017173,15.309126961989366,15.768400770849047,14.574959050967271,14.137710279438256,0.050264306081896595,0.7529632469573311,2.357137433512079,30.68849806406061,37.428079186287846,15.744983549037816,43.727810181211034,8.767448000326906,20.832555935202855,68.98565799858612,71.0066003363523,35.532286286295694,37.55322862406189,155.79138999999998,53.173062735325665,52.49525818153794,155.79138999999998,0.050264306081896595,0.7529632469573311,2.357137433512079,30.68849806406061,20.832555935202855,18.691788323506465,18.399528877598417,179.04152822618482,174.1909188775984
3.964933087735064,4.440725058263271,3.9148744345631403,3.4842382467611945,15.633948701977275,16.102967163036595,16.623337817898594,16.124637683361634,0.2519690166263366,1.6765317495101948,2.952021979944758,30.904292250783524,38.26926035773826,16.208619217536512,47.053159755340815,7.199868076620285,23.036819610733897,71.50261263145192,73.63976186236641,36.45817040004136,38.59531963095585,161.30535999999998,54.47787957527478,54.253027831961106,161.30535999999998,0.2519690166263366,1.6765317495101948,2.952021979944758,30.904292250783524,23.036819610733897,19.59888178971234,20.538212252461733,187.1514238045469,181.8435722524617
3.0966497951950296,3.468247770618434,4.130429763007012,3.6760824890762405,15.54791845806571,16.01435601180768,16.166105946300934,15.681122767911909,0.7309654009783368,1.4031868001727077,2.9474279080006114,30.81828041503123,38.500479156455775,16.988386089270534,49.1734166377657,6.404521280551192,21.409113900301968,74.59954028919971,76.86157522375524,35.986294656070605,38.24832959062612,160.63199999999998,55.48886524572631,55.577937918316884,160.63199999999998,0.7309654009783368,1.4031868001727077,2.9474279080006114,30.81828041503123,21.409113900301968,18.64456825326074,20.296535709307943,187.02034584178878,180.9285357093079
2.9750862230379678,3.3320965698025247,4.236783012854251,3.770736881440283,14.630383649455986,15.069295158939665,16.16845097179267,15.683397442638888,0.6462808154166994,2.0175349128096967,3.1059837274384114,30.169048964177257,38.44596392290604,17.250274470034253,49.64424789482249,6.599645505960074,19.783257270305157,74.96764865644846,77.24169567470061,37.852349121446835,40.12639613969898,160.61715999999998,55.696238392940295,56.24389340078256,160.61715999999998,0.6462808154166994,2.0175349128096967,3.1059837274384114,30.169048964177257,19.783257270305157,17.605469872493952,20.40523398464692,185.26770735636404,181.0223939846469
3.0973372992768455,3.4690177751900673,3.6582738444224843,3.2558637215360124,15.279485807948312,15.737870382186761,16.146972587487923,15.662563409863285,0.06971368741092215,3.5595874035312547,2.967108214026031,28.812672205166592,38.28842856552818,17.342215347739184,45.15726359396449,9.357882042485352,19.994644866667606,71.9414278556527,74.0980103404122,36.3639650170549,38.52054750181439,160.2253,55.63064391326736,54.51514563644983,160.2253,0.06971368741092215,3.5595874035312547,2.967108214026031,28.812672205166592,19.994644866667606,18.376823107225157,19.80524643191041,183.92633903374477,180.0305464319104
2.7843999249957925,3.1185279159952883,3.7986106280838485,3.3807634589946254,14.574827209820622,15.01207202611524,14.932462682467486,14.484488801993463,0.06602470416376868,2.7255200922753406,3.011027366144221,27.72376864642084,37.763779333548534,17.105701946493024,44.353996412173345,10.435652287944846,18.355086964642943,70.23975981087194,72.36129862329182,35.59578240341606,37.71732121583592,156.14716,54.869481280041555,54.78964870011819,156.14716,0.06602470416376868,2.7255200922753406,3.011027366144221,27.72376864642084,18.355086964642943,17.359227134816415,18.73107331055133,178.8997848886233,174.87823331055134
3.3631473933082856,3.7667250805052808,4.2712297847362475,3.8013945084152607,13.489150824939847,13.893825349688044,14.539276028342918,14.103097747492631,0.08650839839282413,2.9992352553357446,2.907372242526748,26.659076725740498,36.34288079817758,16.378224385220115,44.78587636887067,8.547788310490214,18.107749556459915,66.69192038750965,68.67879311191466,35.04930517851616,37.036177902921146,150.66689000000002,52.7211051833977,53.33366467936088,150.66689000000002,0.08650839839282413,2.9992352553357446,2.907372242526748,26.659076725740498,18.107749556459915,16.852298218248134,18.810505813079164,173.66701025946244,169.47739581307917
3.078654649605875,3.4480932075585806,4.120247794686438,3.6670205372709295,12.495917853762087,12.870795389374948,14.394313768819417,13.962484355754835,0.09628547733313066,3.748737258761558,3.0610227521711812,26.60589149128283,35.94898604326435,16.258095964475064,48.41309445802568,8.763795603739945,18.026597205274108,66.72297731164761,68.67032104327556,35.278692725410174,37.22603645703812,153.19963,52.20708200773941,57.17689006176563,153.19963,0.09628547733313066,3.748737258761558,3.0610227521711812,26.60589149128283,18.026597205274108,15.57457250336796,18.514561563505858,176.49707875769582,171.71419156350586
2.944438563642707,3.297771191279833,3.5974391888093518,3.2017208780403226,13.541227430767119,13.947464253690132,14.160681682873129,13.735861232386933,0.09947606227455447,4.372684225111007,3.0712517807909614,26.18940364176266,36.61895758109059,16.639533704362186,49.51742569790169,8.631144185915483,18.817025181992864,78.97936538533465,81.37342307725818,36.41110182173032,38.80515951365387,159.20762,53.25849128545277,58.148569883817174,159.20762,0.09947606227455447,4.372684225111007,3.0712517807909614,26.18940364176266,18.817025181992864,16.485665994409825,17.75812087168248,180.44256805561184,176.96574087168247
3.360357505233557,3.7636004058615846,3.354244387635345,2.985277504995458,14.429217162311668,14.862093677181017,14.612504191363556,14.174129065622646,0.10001717145390532,5.249473355196296,3.3790232595358463,26.57997388958271,36.00098785669516,16.404923187268718,47.04751495553038,8.60725406589795,19.660800333550945,71.07001529147595,73.19664130717855,35.27305464217431,37.399680657876914,158.79449,52.405911043963876,55.65476902142833,158.79449,0.10001717145390532,5.249473355196296,3.3790232595358463,26.57997388958271,19.660800333550945,17.789574667545224,17.9667485789989,180.8195427422571,176.7612385789989
2.7078274224187817,3.032766713109036,3.4555952472587896,3.0754797700603227,13.101133571733612,13.49416757888562,14.657203741586054,14.21748762933847,0.1004944055118241,4.206272663200142,3.365296984960425,25.3269311392925,35.68999762517815,16.01624428319184,60.42900957308722,7.763193426140235,18.233395528663262,77.38594412615548,79.72273264221519,38.38762865111453,40.72441716717425,160.07962,51.70624190836999,68.19220299922745,160.07962,0.1004944055118241,4.206272663200142,3.365296984960425,25.3269311392925,18.233395528663262,15.808960994152393,18.112798988844844,186.939796623378,178.19241898884485
2.7472557618990208,3.0769264533269034,3.7416836373227693,3.330098437217264,12.941661687054893,13.329911537666542,14.600990121285568,14.162960417646998,0.10796026316843602,4.154067932519659,2.8971595997134485,24.183422543506836,36.15167638926868,16.47872546486843,63.35936972626789,6.980672465414945,15.890186516738902,83.64470076772973,86.1345387891339,38.366143044175324,40.855981065579485,159.3466,52.63040185413711,70.34004219168284,159.3466,0.10796026316843602,4.154067932519659,2.8971595997134485,24.183422543506836,15.890186516738902,15.688917448953914,18.34267375860834,185.89215835042114,177.68927375860835
2.836638081992466,3.177034651831561,4.241527020649076,3.7749590483776774,13.164494724542767,13.559429566279048,14.696371780684396,14.255480627263864,0.28414690536264264,3.768598999956071,2.3654920601533505,24.248637981782295,36.12393987466375,16.24623419165497,60.433316485552744,6.007267561188085,15.371758159476329,76.87614045774772,79.16573661089664,37.862540969157926,40.15213712230684,154.75815999999998,52.37017406631872,66.44058404674082,154.75815999999998,0.28414690536264264,3.768598999956071,2.3654920601533505,24.248637981782295,15.371758159476329,16.00113280653523,18.93789880133347,180.85052502632547,173.69605880133346
3.5472876784319176,3.972962199843748,4.319328771955453,3.8442026070403537,15.371936119570355,15.833094203157465,15.705895908868941,15.234719031602872,0.6241832915591018,2.3030487733616694,2.040567764074365,23.86285643804649,36.69047025139131,16.404920240052025,49.65022791701459,5.653049842586651,16.20627379378766,76.62813319501987,78.96604052644138,36.22153184147424,38.559439172895765,147.85244,53.09539049144333,55.30327775960124,147.85244,0.6241832915591018,2.3030487733616694,2.040567764074365,23.86285643804649,16.20627379378766,18.919223798002275,20.025224680824394,172.35482210987615,167.87766468082438
3.1536648563766665,3.5321046391418665,4.592778253518997,4.087572645631907,15.027589616327727,15.478417304817556,16.970485082536953,16.461370530060844,0.676355298549771,2.185645866630775,2.3702671509525532,23.93827378065705,35.94658211902369,16.515066615878947,55.448344654938595,3.1408563476085507,17.302212563620433,79.12965033457695,81.4885968630275,38.74979317489623,41.10873970334677,150.30720000000002,52.46164873490264,58.58920100254714,150.30720000000002,0.676355298549771,2.185645866630775,2.3702671509525532,23.93827378065705,17.302212563620433,18.181254472704392,21.56326333605595,175.70485887056475,171.87046333605596
3.168683251972252,3.548925242208923,4.037122449125315,3.5930389797215296,14.370977006455337,14.802106316649,15.449366028320473,14.985885047470859,0.675652989476944,3.589894110686293,2.8919512982369957,28.397309277203043,36.49166080602589,14.7921630012002,51.49571099328369,3.6995583016750317,19.324439758085003,76.93685993502216,79.24405458020291,37.205045468590086,39.51224011377084,156.43884,51.283823807226085,55.19526929495871,156.43884,0.675652989476944,3.589894110686293,2.8919512982369957,28.397309277203043,19.324439758085003,17.539660258427592,19.486488477445786,178.89800079430066,175.9253284774458
3.7919318182303563,4.246963636418001,3.5904727096273725,3.1955207115683613,15.7759735738707,16.249252781086824,15.300376920290985,14.841365612682253,0.6659978325657573,3.9588072888748522,3.2762586601824477,31.21754683127453,36.45648753707632,15.614662087199227,44.60692501946567,5.546036252417892,21.247563802754428,70.01774694427586,72.07713450684793,34.961014437004636,37.02040199957671,158.28001999999998,52.07114962427555,50.15296127188356,158.28001999999998,0.6659978325657573,3.9588072888748522,3.2762586601824477,31.21754683127453,21.247563802754428,19.567905392101057,18.890849629918357,182.15819070391217,177.17086962991834
2.96793016284355,3.3240817823847757,3.7103510670278004,3.3022124496547427,13.424520298658521,13.827255907618273,14.516856630249245,14.081350931341769,0.2060878266118764,4.076740477689196,3.344771945517479,30.802553291295602,34.73130393332831,13.96574560215333,49.98332363712299,8.119513543782654,19.92784568444392,77.04693871702865,79.34231924151008,36.172000118563055,38.46738064304447,160.28128999999998,48.69704953548164,58.10283718090565,160.28128999999998,0.2060878266118764,4.076740477689196,3.344771945517479,30.802553291295602,19.92784568444392,16.392450461502072,18.227207697277045,181.55033640344743,178.50849769727702
3.814015982370596,4.271697900255069,4.124297425259508,3.670624708480962,15.71076196694633,16.18208482595472,16.719926679122185,16.21832887874852,0.1569471146323964,3.227124120050387,2.8070883248586886,29.43799684902371,36.650461837479504,15.684644612164327,52.51253743504244,8.636267191662556,17.783049327790494,75.9274669342656,78.17123740597152,36.65214421881874,38.89591469052467,160.83843999999996,52.33510644964383,61.148804626704994,160.83843999999996,0.1569471146323964,3.227124120050387,2.8070883248586886,29.43799684902371,17.783049327790494,19.524777949316928,20.844224104381695,186.42089476202142,181.68266410438167
2.785130397596836,3.1193460453084563,3.8975047273134478,3.468779207308968,13.83354235052042,14.248548621036033,15.103860880631855,14.650745054212894,0.02748389252248893,2.3372714338884673,2.14968145304262,27.864346846821906,36.28002450159617,16.289281442578833,56.1964440879219,10.292656082334267,15.792281161838124,71.43012603183648,73.53327182399207,35.00195600835448,37.10510180051008,157.31253999999998,52.569305944175,66.48910017025617,157.31253999999998,0.02748389252248893,2.3372714338884673,2.14968145304262,27.864346846821906,15.792281161838124,16.618672748117255,19.0013656079453,183.84814365066205,176.3139056079453
2.2340566688977135,2.502143469165439,4.778747064065721,4.253084887018493,12.186736006687761,12.552338086888394,15.126581970705958,14.672784511584778,0.07494978929281952,1.8318544490664612,2.385584418110539,27.911893118191003,35.35170215294061,15.002796617689876,61.36721192983131,8.281299401483045,16.21458610369604,71.48356045013755,73.63554081417861,35.0181633874951,37.170143751536145,152.92032999999998,50.354498770630485,69.64851133131435,152.92032999999998,0.07494978929281952,1.8318544490664612,2.385584418110539,27.911893118191003,16.21458610369604,14.420792675585474,19.90532903477168,182.84267065588716,172.82565903477166
3.8327969508785067,4.292732584983928,3.542281592836474,3.152630617624462,14.927545065717002,15.375371417688513,13.794591252802542,13.380753515218467,0.4909427145568998,3.280323561417979,2.9296264120276247,29.454289879589215,36.20225031400936,14.981730055892017,49.432959838337396,4.626875720480667,20.242108198162217,71.8178125991817,74.03533100396405,34.45993013055256,36.67744853533492,155.01516999999998,51.18398036990138,54.059835558818065,155.01516999999998,0.4909427145568998,3.280323561417979,2.9296264120276247,29.454289879589215,20.242108198162217,18.76034201659551,17.336872845639018,180.40144871106887,172.352042845639
2.032879966680974,2.276825562682691,2.4078269577720994,2.1429659924171682,15.598810821100356,16.06677514573337,16.555729254757285,16.05905737711457,0.6733744937670124,3.5601333029285342,3.2187270695827785,30.963967373193352,36.21868515870906,14.76112107402098,49.93907560920743,4.853544961607405,22.882389224204257,76.65846567045631,78.98350600261995,35.025424683940166,37.35046501610382,160.16755,50.979806232730034,54.79262057081483,160.16755,0.6733744937670124,3.5601333029285342,3.2187270695827785,30.963967373193352,22.882389224204257,17.63169078778133,18.963556212529383,184.70270905500215,179.13110621252937
1.4869798847400226,1.6654174709088247,1.7213031056251886,1.5319597640064178,15.46975537524537,15.933848036502734,16.80417381708951,16.300048602576826,0.5857934963210668,2.3805228933090268,2.9602774418534294,30.87959136089557,35.61653071691489,14.671675327680335,51.800834455608225,6.370409570331351,22.29157576738975,68.81214574776757,70.88253088351361,35.51751346470989,37.58789860045591,161.18547999999998,50.28820604459522,58.17124402593957,161.18547999999998,0.5857934963210668,2.3805228933090268,2.9602774418534294,30.87959136089557,22.29157576738975,16.95673525998539,18.5254769227147,184.51394629028903,179.7109569227147
2.7353373287816334,3.0635778082354306,4.020372578334746,3.5781315947179246,15.088481120065817,15.541135553667791,16.862029867947232,16.35616897190881,0.055112447551108695,3.2647054450988406,3.008213767877024,30.707592600040012,37.02177399512474,15.352784713376241,49.74798128961375,8.983169576798874,19.97091491346113,71.14401433551498,73.36334525305,33.99988601073903,36.21921692827406,161.78161,52.374558708500984,58.73115086641262,161.78161,0.055112447551108695,3.2647054450988406,3.008213767877024,30.707592600040012,19.97091491346113,17.82381844884745,20.88240244628198,185.93606719778919,182.66401244628196
3.2035585810105127,3.5879856107317742,3.2198427321815832,2.8656600316416094,15.129629233584888,15.583518110592435,15.1897180620222,14.734026520161535,0.0809232842573337,5.128815450363574,3.0096040844765697,30.83824591837107,35.500334211172934,15.442927701639634,44.85501343500659,11.364815833906555,19.558386131131236,67.618009295969,69.68356022734403,31.314979274747124,33.38053020612216,162.50335,50.94326191281257,56.21982926891315,162.50335,0.0809232842573337,5.128815450363574,3.0096040844765697,30.83824591837107,19.558386131131236,18.3331878145954,18.40956079420378,184.11225386492092,180.91291079420378
3.0910873802921195,3.4620178659271756,3.9260129025023964,3.494151483227133,15.528712615049587,15.994573993501076,16.22924842026768,15.74237096765965,0.023956400973562796,1.6160891359394378,2.900414241642997,30.774552329119242,35.63223055433775,16.07614847702684,45.328234559308314,12.490214946560812,18.818994985781146,74.38505646287686,76.60675274137847,34.21137515935546,36.43307143785709,158.80775999999997,51.70837903136459,57.818449505869125,158.80775999999997,0.023956400973562796,1.6160891359394378,2.900414241642997,30.774552329119242,18.818994985781146,18.619799995341705,20.15526132277008,182.28063562603182,178.96302132277006
2.947845502065605,3.301586962313478,3.8703687115088545,3.4446281532428813,13.869233498064322,14.285310503006253,15.16187404316471,14.707017821869767,0.022615811114902032,0.9048342298945912,2.856282876745496,31.378344079021637,35.18005420712778,14.217894663097898,44.674402501168004,10.919875843130729,19.274922425773664,74.37482971347615,76.59494186851013,35.86284078181192,38.0829529368459,153.70522,49.39794887022568,55.594278344298736,153.70522,0.022615811114902032,0.9048342298945912,2.856282876745496,31.378344079021637,19.274922425773664,16.81707900012993,19.032242754673565,176.24630563720464,172.73746275467357
2.530395307524603,2.8340427444275558,3.7056903089986246,3.2980643750087757,14.003435975010468,14.423539054260784,15.180374854175872,14.724963608550595,0.02322288935960054,1.6064409845453684,3.073082594112165,31.171407334840026,35.40334559424051,14.999982288394845,47.07616096400832,11.285219423592409,17.806220714227038,67.70093474419977,69.71189095293668,33.68176939320934,35.69272560194624,155.70704999999998,50.40332788263536,58.361380387600725,155.70704999999998,0.02322288935960054,1.6064409845453684,3.073082594112165,31.171407334840026,17.806220714227038,16.533831282535072,18.886065163174496,178.97891406985536,174.5931151631745
2.7890880315768736,3.1237785953660993,3.4776349959666812,3.095095146410347,13.7462852841221,14.158673842645763,14.696324832844965,14.255435087859613,0.02606839549816791,3.590247767040365,3.388350353823396,29.781356881215995,34.81963731792195,15.138525450090652,53.910381616917604,12.036276339601287,17.173061331927677,73.59129272643554,75.82762905838358,35.60473069035723,37.84106702230526,160.86094,49.958162768012606,65.9466579565189,160.86094,0.02606839549816791,3.590247767040365,3.388350353823396,29.781356881215995,17.173061331927677,16.535373315698973,18.173959828811647,186.3992787697361,179.03489982881163
2.443737760589081,2.736986291859771,3.5251022748349,3.1373410246030615,11.610446490167538,11.958759884872565,13.587811295278748,13.180176956420384,0.030325588017889534,4.556666167474589,3.253532279579851,29.798113064444024,34.246574063313176,15.460721140686712,55.775456538613845,11.407548637522417,17.22763609595935,74.61726759582633,76.89708687093639,36.38599736846462,38.66581664357466,161.03574,49.707295203999884,67.18300517613626,161.03574,0.030325588017889534,4.556666167474589,3.253532279579851,29.798113064444024,17.22763609595935,14.054184250756618,17.112913570113648,185.81075782636847,178.14865357011365
2.620497918572404,2.934957668801093,3.3973101700261297,3.0236060513232554,14.373189480134362,14.80438516453839,14.33395788462722,13.903939148088401,0.030746808992464948,4.949632246077129,3.505723666711524,30.014542480408487,34.62702150695482,15.374657724257352,51.836519512951135,9.752658026230785,19.252340033753363,75.91887131411191,78.21022207261524,36.1892437988491,38.480594557352426,162.3079,50.00167923121217,61.58917753918192,162.3079,0.030746808992464948,4.949632246077129,3.505723666711524,30.014542480408487,19.252340033753363,16.99368739870677,17.73126805465335,186.33752940504382,180.03916805465335
2.4243011647016846,2.7152173044658876,2.9282392670094057,2.6061329476383714,14.059074670065387,14.480846910167347,15.298339078253953,14.839388905906334,0.11210931371853726,3.8963267552638183,3.536290501069066,30.711579697999543,34.54707760017099,15.17253908389813,49.19259434912311,8.620608955059323,22.550773304404167,80.12754204802177,82.57382152146947,35.28660448726301,37.732883960710716,162.99951000000001,49.71961668406912,57.81320330418242,162.99951000000001,0.11210931371853726,3.8963267552638183,3.536290501069066,30.711579697999543,22.550773304404167,16.483375834767074,18.22657834526336,184.82327539547376,181.22608834526335
2.9598625664616756,3.315046074437077,3.0978407039311557,2.7570782264987286,13.57991411071894,13.987311534040511,13.99428573707318,13.574457164960986,0.2599857450589165,2.898636502800591,3.2919935390188075,30.857007397593875,33.984408100429995,14.262047306386442,50.30019413257823,6.343195356818229,22.09151277642,78.0239153061129,80.40221398874131,37.363847945726626,39.74214662835503,159.42693,48.24645540681644,56.643389489396455,159.42693,0.2599857450589165,2.898636502800591,3.2919935390188075,30.857007397593875,22.09151277642,16.539776677180615,17.092126441004336,180.8287575342857,176.51905644100432
2.206409894544306,2.4711790818896238,2.769402473514474,2.4647682014278813,12.335010893673717,12.705061220483929,13.59974052134945,13.191748305708963,0.07189980088032469,2.7809026921919773,3.1232712872205775,30.25718888417476,32.91738513877197,14.464653546289806,52.55875313067563,7.403305931873126,20.510270805035656,72.80733602969802,75.01608753223574,35.962564120113036,38.17131562265076,154.24495000000002,47.38203868506177,59.96205906254876,154.24495000000002,0.07189980088032469,2.7809026921919773,3.1232712872205775,30.25718888417476,20.510270805035656,14.541420788218023,16.369142994863925,178.62905200533186,170.61409299486394
2.4530198500057963,2.747382232006492,2.9823815923791774,2.6543196172174683,13.455378546097256,13.859039902480175,14.276965990761017,13.848657011038185,0.025199849072978165,3.7589042544322555,3.306597761012252,30.212304940474507,32.44793806864614,13.792403031299637,50.1408328969039,9.553998331843482,19.45295014159774,74.20439925119643,76.45590213522613,34.36695402591927,36.61845690994896,156.29703,46.24034109994578,59.69483122874739,156.29703,0.025199849072978165,3.7589042544322555,3.306597761012252,30.212304940474507,19.45295014159774,15.908398396103054,17.259347583140197,178.59952767138594,173.5563775831402
2.794390109609018,3.1297169227621007,2.9151914902684446,2.5945204263389154,12.984100489834232,13.373623504529258,13.372180992809188,12.97101556302491,0.026625939662115603,3.4929270739730636,3.2827493075867817,26.468534622715598,32.574101021569106,13.797037029242421,57.60888424976392,11.673987105616373,17.688856695404056,83.3622203794818,85.82579804271778,39.429162556973864,41.89274022020985,161.62167,46.371138050811524,69.2828713553803,161.62167,0.026625939662115603,3.4929270739730636,3.2827493075867817,26.468534622715598,17.688856695404056,15.778490599443248,16.287372483077633,182.3921936449767,177.90904248307763
2.853035512390474,3.19539977387733,3.9363037861582972,3.5033103696808845,12.061739696743473,12.423591887645777,14.282155189246495,13.853690533569102,0.026394988281274134,2.9726026015158693,2.5988706302605387,25.744616293111168,33.06069232566468,14.1716937315006,67.07188213085455,11.038261080727649,15.120471017771248,88.80443406672524,91.45427172161455,42.040829400613674,44.690667055502956,161.6238,47.232386057165286,78.1101432115822,161.6238,0.026394988281274134,2.9726026015158693,2.5988706302605387,25.744616293111168,15.120471017771248,14.914775209133946,18.218458975404793,186.72026000882153,179.84225897540477
1.5599325610057309,1.7471244683264184,3.570130611045199,3.1774162438302276,12.979225866412035,13.368602642404396,15.07539516137874,14.623133306537378,0.13956881188665887,2.877353790140646,2.5906182135600684,25.348919471313202,33.449791116786244,14.733425124691314,75.07068439217787,9.489665861332073,14.133396745392222,89.56555231783351,92.24737849797205,42.40856551887676,45.090391699015306,162.67592,48.18321624147755,84.56035025350994,162.67592,0.13956881188665887,2.877353790140646,2.5906182135600684,25.348919471313202,14.133396745392222,14.539158427417764,18.645525772423937,192.37258195469806,181.32144577242394
3.228069622405523,3.615437977094186,2.4279600940806136,2.160884483731747,14.60716293616891,15.045377824253977,13.636359167879776,13.227268392843383,0.10861636299856726,5.9043718291903495,3.0551879780206392,26.098988620250864,33.69158147362525,14.694756020386643,56.445501519377615,8.56905166399738,19.03537140576597,79.06150839031369,81.48510877168762,38.11172893099914,40.53532931237309,163.45060999999998,48.3863374940119,65.014553183375,163.45060999999998,0.10861636299856726,5.9043718291903495,3.0551879780206392,26.098988620250864,19.03537140576597,17.835232558574432,16.06431926196039,185.4386594321877,179.5149292619604
2.362662105365807,2.646181558009704,2.936841186826909,2.613788656275949,13.421937540654014,13.824595666873634,14.021379394137698,13.600738012313569,0.02976878535292333,6.388885461988936,2.992838669495803,25.950094416375535,33.28062355008457,15.138484535927592,56.40071999384808,8.158509052899099,17.388643325711875,78.1622703611905,80.59198056321178,37.8845809261646,40.31429112818588,160.01202999999998,48.419108086012166,64.55922904674718,160.01202999999998,0.02976878535292333,6.388885461988936,2.992838669495803,25.950094416375535,17.388643325711875,15.78459964601982,16.958220580964607,181.51316743770423,176.97025058096457
1.8096455100961912,2.0268029713077347,3.60245943770628,3.2061888995585894,11.746391845282618,12.098783600641097,14.505480549588947,14.070316133101278,0.02665923331034245,2.8833406671696786,2.8199385559403254,27.30587714460362,33.13633734291136,14.906509206463367,59.76327082883228,9.558707564602331,15.71669799813725,80.6861832936898,83.17202883445368,38.16630257621424,40.65214811697812,154.48872,48.04284654937473,69.3219783934346,154.48872,0.02665923331034245,2.8833406671696786,2.8199385559403254,27.30587714460362,15.71669799813725,13.55603735537881,18.10793998729523,179.67337589734936,172.59665998729523
2.399608931437484,2.6875620032099827,2.6842417629210846,2.3889751689997656,14.558869347661972,14.99563542809183,12.940469085410333,12.552255012848024,0.05863343131958052,3.7022748043062235,2.844213625340257,30.008608696815152,33.153117968407834,14.501918140743006,46.902697792711216,9.178143572620648,19.894523688677854,68.58374424210434,70.68253447336521,35.479126711756166,37.57791694301702,156.28560000000002,47.65503610915084,56.080841365331864,156.28560000000002,0.05863343131958052,3.7022748043062235,2.844213625340257,30.008608696815152,19.894523688677854,16.958478279099456,15.62471084833142,177.20261000004123,171.91031084833142
0.7277448839668152,0.8150742700428332,1.1370818384349821,1.0120028362071343,13.742340905683166,14.154611132853663,15.617051354199377,15.148539813573397,0.08603757566509498,4.7901414350788585,3.0443931473285195,31.247016001604518,32.46406050965381,13.692647271316778,52.71487445263055,9.591330537397207,21.38234065389615,63.49870253217514,65.39804369992824,34.67733872508739,36.57667989284049,161.71554,46.15670778097059,62.30620499002776,161.71554,0.08603757566509498,4.7901414350788585,3.0443931473285195,31.247016001604518,21.38234065389615,14.470085789649982,16.75413319263436,183.48292737422148,178.46967319263436
1.3274777550380312,1.4867750856425943,1.5900813593631606,1.415172409833213,14.811931919464723,15.25628987704866,15.975095062834018,15.495842210948997,0.09988931626494282,6.572609950428811,3.265275846222076,31.71328525415849,32.94264482144354,13.64964121461202,47.12974609757356,8.084517805826613,22.566309723617675,71.9458462394106,74.12492542871516,35.896393322235234,38.075472511539786,161.82793,46.592286036055555,55.21426390340018,161.82793,0.09988931626494282,6.572609950428811,3.265275846222076,31.71328525415849,22.566309723617675,16.139409674502755,17.56517642219718,182.16332970465047,179.39310642219718
1.7015487525667108,1.9057346028747164,0.6799704892723141,0.6051737354523595,15.357859923483051,15.818595721187545,15.402404528234474,14.940332392387441,0.09912185939151812,7.744122016814073,3.4425500761243297,31.695613203690364,32.44621111363846,13.608258542463519,44.89310274652719,8.430549175120003,23.02041176516172,66.50548495815677,68.4878714279449,35.242910790263736,37.22529726005185,163.13218,46.05446965610197,53.3236519216472,163.13218,0.09912185939151812,7.744122016814073,3.4425500761243297,31.695613203690364,23.02041176516172,17.059408676049763,16.082375017506788,182.43934917498092,179.2145550175068
0.5922034522039396,0.6632678664684122,2.6641951334643754,2.371133668783294,14.656367513019239,15.096058538409817,16.508134830554337,16.01289078563771,0.04546761120387024,5.233648451279085,3.196002955850667,31.501060778895148,33.75795067269593,14.782612765116514,52.373331576975026,9.748206557346812,21.512012262735123,66.95370118437208,68.93528828907482,34.662714270026065,36.644301374728805,164.4269,48.54056343781244,62.12153813432184,164.4269,0.04546761120387024,5.233648451279085,3.196002955850667,31.501060778895148,21.512012262735123,15.248570965223179,19.17232996401871,187.39886459732134,183.59922996401872
2.1957847214345994,2.459278888006752,2.0492491388732392,1.8238317335971834,15.55145435681842,16.017997987522975,16.291926300869473,15.803168511843394,0.040393367159535856,3.871470684065061,2.9620302512808783,31.59327181486114,34.134557880841236,15.363122380565276,47.23041947362778,9.72041964899669,21.067313013669228,69.7956806208683,71.886509880266,35.15047117793142,37.24130043732912,161.05906,49.4976802614065,56.95083912262447,161.05906,0.040393367159535856,3.871470684065061,2.9620302512808783,31.59327181486114,21.067313013669228,17.74723907825302,18.341175439742713,183.73023759331983,179.40023543974272
1.3238665582453173,1.4827305452347552,1.4582452726411108,1.2978382926505887,15.19482823943347,15.650673086616473,16.318969112329206,15.829400038959331,0.03929473256896729,2.3167102237310537,2.9314373410090897,31.49399463069306,32.695477732083816,13.955027583985272,50.348207337250464,7.749357704371666,20.283133013008708,71.19323717198075,73.28246724412712,36.037629166104026,38.12685923825037,155.86827,46.650505316069086,58.09756504162213,155.86827,0.03929473256896729,2.3167102237310537,2.9314373410090897,31.49399463069306,20.283133013008708,16.518694797678787,17.777214384970318,178.33133509638088,173.6454843849703
0.9905249580249182,1.1093879529879087,1.794661749821334,1.5972489573409872,14.329750876256318,14.759643402544006,16.1052151717408,15.62205871658858,0.03902284887205474,2.895259042992186,3.167987305085699,31.344136935035397,32.47826363604804,13.849642786289596,50.73319246246215,10.053101066324805,19.498308512501396,69.28662552782485,71.31367589051433,34.80409025316468,36.83114061585416,158.02032,46.327906422337634,60.786293528786956,158.02032,0.03902284887205474,2.895259042992186,3.167987305085699,31.344136935035397,19.498308512501396,15.320275834281237,17.899876921562132,179.37919042989256,175.92019692156214
1.5949216052105277,1.7863121978357912,0.939963124047327,0.8365671804021206,15.159880608309027,15.614677026558303,15.09346367891379,14.640659768546374,0.03993371416483627,4.177875874195824,3.28807226063094,31.731032987347913,31.781169056393708,14.256715230437644,48.16393682360204,10.65737983465332,21.13878362371092,70.42545569205735,72.49361408144406,35.64534205863522,37.71350044802195,163.19233,46.03788428683135,58.82131665825537,163.19233,0.03993371416483627,4.177875874195824,3.28807226063094,31.731032987347913,21.13878362371092,16.754802213519557,16.033426802961117,181.9897016186567,179.22575680296111
1.8277355676986353,2.047063835822471,2.830999608644472,2.5195896516935803,13.14139581605229,13.535637690533857,15.714289891647036,15.242861194897625,0.03463467395818581,3.575139919150419,3.25642086556231,28.90688305551335,31.861410286823467,14.051594934008069,64.16199980423681,8.906249469953332,14.972924853167974,84.40713454592195,86.97452615568989,41.19683987374301,43.76423148351094,162.95244,45.913005220831536,73.06824927419015,162.95244,0.03463467395818581,3.575139919150419,3.25642086556231,28.90688305551335,14.972924853167974,14.969131383750925,18.54528950029151,184.69638924612485,181.4977295002915
2.782836636522058,3.116777032904704,2.782197367050362,2.4761556566748237,15.288345575595676,15.746995942863547,14.858152721195184,14.412408139559329,0.43642013136221414,4.201750071078158,3.6433451084198745,29.330485375276105,32.18118212451109,14.257540103788047,58.437764851939534,6.852818241389522,18.272949806717744,75.5376061574459,77.83815838844426,37.8194143611628,40.11996659216117,164.31569,46.438722228299135,65.29058309332905,164.31569,0.43642013136221414,4.201750071078158,3.6433451084198745,29.330485375276105,18.272949806717744,18.071182212117733,17.640350088245544,185.68543802660002,181.95604008824554
2.525696124680898,2.8287796596426062,3.0457275377630597,2.7106975086091225,13.186909350984306,13.582516631513835,13.991635324250861,13.571886264523336,0.51673120509202,3.1052444643606645,3.229968830521533,29.05026080923174,31.227336995544842,14.1585618689735,66.41462695029676,7.05603327732536,16.98182625042884,81.06603056374595,83.47228963322945,40.98028214684056,43.386541216324055,165.34031,45.38589886451835,73.47066022762212,165.34031,0.51673120509202,3.1052444643606645,3.229968830521533,29.05026080923174,16.98182625042884,15.712605475665205,17.03736286201392,187.45319612744046,182.37767286201392
2.758603959621983,3.089636434776622,3.5620651400601977,3.1702379746535763,13.00068127096274,13.390701709091621,14.135999134454185,13.71191916042056,0.4993904533758382,2.6941981157547823,3.2760240171301644,27.79966073879554,31.074142982159014,13.556035727399944,66.33480662491503,7.310859200780928,14.594094220668813,85.36415517284095,87.90039555927905,41.12601979011307,43.66226017655116,161.6106,44.630178709558955,73.64566582569597,161.6106,0.4993904533758382,2.6941981157547823,3.2760240171301644,27.79966073879554,14.594094220668813,15.759285230584723,17.698064274514383,182.89849731156477,179.3086642745144
2.385290012669883,2.671524814190269,4.01044007292421,3.5692916649025452,12.746443069717431,13.128836361808958,14.053695770365703,13.632084897254732,0.1364711042233984,3.9368849912771364,2.8003679755779056,27.463462971803246,31.355778455879427,13.61926790770029,64.83403163846678,10.524807299841772,11.915155150758691,79.39313738848796,81.75656092596468,38.69424330568105,41.05766684315777,156.51939,44.97504636357972,75.35883893830855,156.51939,0.1364711042233984,3.9368849912771364,2.8003679755779056,27.463462971803246,11.915155150758691,15.131733082387314,18.064135843289915,181.717960577916,174.58352584328992
2.5067253154057965,2.807532353254492,3.1182152830246457,2.7752116018919346,14.721986220121137,15.163645806724771,15.70395741637869,15.232838693887333,0.03559561209104837,3.9460456100007986,3.2117810414122947,28.99959536812589,31.04917022417302,13.706481650633023,54.462258577343256,11.85909766350955,16.433064090599323,78.64975219480803,81.00475537350938,37.21978286831781,39.57478604701915,158.62043,44.75565187480604,66.32135624085281,158.62043,0.03559561209104837,3.9460456100007986,3.2117810414122947,28.99959536812589,16.433064090599323,17.228711535526934,18.82217269940334,180.93180137341514,177.44260269940332
2.8899014523661513,3.2366896266500897,2.667649222788148,2.3742078082814513,14.79837154692684,15.242322693334646,14.975656114614694,14.526386431176253,0.2154242165668392,3.073326737843416,3.4735511315365195,29.460320170626478,31.01346005451578,13.92177287606045,55.14306287453516,11.289666002064584,18.97321055404415,77.569177777801,79.8608871134476,36.81398336543816,39.10569270108478,163.86044,44.93523293057623,66.43272887659974,163.86044,0.2154242165668392,3.073326737843416,3.4735511315365195,29.460320170626478,18.97321055404415,17.688272999292995,17.643305337402843,184.25206761708637,181.50374533740285
2.199926739756213,2.4639179485269587,3.5228416989584517,3.1353291120730216,12.253946802375813,12.62156520644709,14.400074132666534,13.96807190868654,2.106587141359266,7.203969128259895,2.9944708133049023,26.67934040152756,30.983658244619928,13.780217618216726,69.36584608452941,7.483523865213832,13.372887349867277,88.3553067794577,91.00977500650843,42.65324654078684,45.30771476783755,163.86156,44.763875862836656,76.84936994974323,163.86156,2.106587141359266,7.203969128259895,2.9944708133049023,26.67934040152756,13.372887349867277,14.453873542132026,17.922915831624984,188.42437418903083,181.784475831625
2.9800954741500285,3.337706931048032,3.5774023360158393,3.1838880790540984,13.258231258031826,13.65597819577278,13.90486644126114,13.487720448023305,2.110267372409957,7.931060144442668,3.152360197505042,26.675192083150844,31.808138325824807,12.776702514173941,66.1570275867515,6.02305763096017,15.21516979481421,89.88343600107842,92.64344031331198,40.69011168439584,43.45011599662941,165.11950000000002,44.58484083999875,72.18008521771168,165.11950000000002,2.110267372409957,7.931060144442668,3.152360197505042,26.675192083150844,15.21516979481421,16.238326732181854,17.48226877727698,188.087302382215,182.601768777277
2.4306626234796584,2.722342138297218,3.3644084051282857,2.9943234805641743,12.81378218653211,13.198195652128074,14.47975553468939,14.045362868648708,1.5223368531251027,9.966771790524483,2.9769673036528213,26.98568378926217,32.075947791911226,13.926655945171664,57.59043307108027,12.41351832549996,15.688974331596967,78.55780940523778,80.95865343545937,37.04342757717622,39.44427160739781,166.07914,46.00260373708289,70.00395139658022,166.07914,1.5223368531251027,9.966771790524483,2.9769673036528213,26.98568378926217,15.688974331596967,15.244444810011768,17.844163939817673,188.3917340118364,183.92330393981766
2.4098174926354083,2.698995591751657,2.8662830680661657,2.5509919305788866,13.80329616515962,14.217395050114408,13.898078844102738,13.481136478779655,1.4796444103617556,10.912882305537929,2.7524358828468034,26.772058634281017,31.257187926479844,14.200495815785118,48.865754595021585,13.488302601633816,16.27762230446184,71.55351333159855,73.70376770139538,34.71914723191452,36.869401601711346,162.56747000000001,45.45768374226496,62.3540571966554,162.56747000000001,1.4796444103617556,10.912882305537929,2.7524358828468034,26.772058634281017,16.27762230446184,16.213113657795027,16.764361912168905,182.21949813420474,179.33183191216892
2.7304457268025706,3.058099214018878,2.4878293287031052,2.2141681025457634,13.16522576339356,13.560182536295365,13.1597654011203,12.764972439086689,1.4770679044588892,8.5397780487307,2.7947932663649935,26.36277980358296,30.991053942996146,13.495048875512204,53.97478639982828,11.93225597916148,14.421191671898228,76.69026268677648,78.94909608156962,36.811989876195234,39.07082327098836,157.6389,44.48610281850835,65.90704237898976,157.6389,1.4770679044588892,8.5397780487307,2.7947932663649935,26.36277980358296,14.421191671898228,15.89567149019613,15.647594729823405,179.88442738273,173.2864947298234
1.3303508394111778,1.4899929401405194,3.40210683574378,3.0278750838119635,11.984326907292667,12.343856714511446,15.206067503400073,14.749885478298067,1.477278193010087,8.991568042039153,2.8358802697680074,26.102864063478908,30.663693953689567,12.803132441232277,64.41530410336277,12.109122124829575,10.124373721180726,83.5241654205201,86.04360215752216,42.017748745778356,44.53718548278039,159.4959,43.466826394921846,76.52442622819234,159.4959,1.477278193010087,8.991568042039153,2.8358802697680074,26.102864063478908,10.124373721180726,13.314677746703845,18.60817433914385,182.83789465929493,178.10407433914384
2.332643055899982,2.6125602226079803,2.7837902928625846,2.4775733606476997,14.174582173699662,14.599819638910649,13.809094127859577,13.39482130402379,1.5091009808023608,10.631769109002134,3.351469357096177,28.258655682357425,29.641874024922785,12.911758475854134,54.02860042451346,10.766416526689842,16.55426890961734,76.36752287914608,78.6468964414028,36.56427530716938,38.84364886942609,164.43424,42.55363250077692,64.79501695120331,164.43424,1.5091009808023608,10.631769109002134,3.351469357096177,28.258655682357425,16.55426890961734,16.507225229599644,16.592884420722164,184.16113872045528,181.02712442072217
2.8215354220267157,3.1601196726699214,2.4512784338209084,2.1816378061006074,12.903108205564955,13.290201451731905,13.833359489882785,13.418358705186302,1.6968755042310701,9.719292189241237,3.57017820518548,29.286299697298706,29.473185190911895,12.418001073243783,54.608534256674005,9.613129384514593,17.118645168393993,72.139699754937,74.2554355182829,35.8880710774738,38.003806840819685,164.39845,41.89118626415568,64.22166364118861,164.39845,1.6968755042310701,9.719292189241237,3.57017820518548,29.286299697298706,17.118645168393993,15.72464362759167,16.28463792370369,183.22878429728644,180.68308792370368
1.4688170219266976,1.6450750645579013,2.9524486248586754,2.6276792761242214,12.932756007168297,13.320738687383345,15.255281711859851,14.797623260504057,1.5553135699407963,9.66050006560474,3.64211898255387,29.258821164973888,30.519717827947257,12.232708751688739,57.51579105087309,12.131531573514597,15.495506411462326,79.47384431065878,81.8911738235197,38.03053390505277,40.447863417913666,165.29287999999997,42.752426579636,69.64732262438768,165.29287999999997,1.5553135699407963,9.66050006560474,3.64211898255387,29.258821164973888,15.495506411462326,14.401573029094994,18.207730336718527,186.4135824276543,183.5006103367185
2.1405656989716633,2.3974335828482625,2.5416758269943727,2.262091486024991,12.553598039214346,12.93020598039078,13.82323556593991,13.408538498961713,1.535967662515012,9.72623637148619,3.5331302105383022,28.827214937257942,30.323153387533953,12.681333936587869,53.26703051035992,13.982481394947646,16.401294499359132,78.33763010757941,80.70248812326233,36.60012456862319,38.96498258430611,165.92335999999997,43.004487324121826,67.24951190530757,165.92335999999997,1.535967662515012,9.72623637148619,3.5331302105383022,28.827214937257942,16.401294499359132,14.69416373818601,16.364911392934285,184.97200664877198,182.28827139293423
2.0267432950670767,2.269952490475127,2.9506640749503736,2.6260910267058324,12.979855013442382,13.369250663845653,12.76090943524236,12.378082152185087,1.543141172723337,8.603692006705362,3.252735187100069,28.899923235408806,30.222094158646446,12.815477131539707,52.18943863884968,14.027803323086498,15.166156499758646,76.29519342625933,78.55124524585197,35.295475367501105,37.55152718709376,162.32843,43.03757129018615,66.21724196193618,162.32843,1.543141172723337,8.603692006705362,3.252735187100069,28.899923235408806,15.166156499758646,15.00659830850946,15.711573510192734,181.72705966232803,178.04000351019275
2.1940463066517313,2.4573318634499395,2.9636643064143886,2.6376612327088056,12.71580606842824,13.097280250481086,12.921430253622496,12.533787346013822,1.4750292340205837,7.128172327249607,3.029669510012429,28.87164222076228,29.34466196181364,12.04223558847798,49.97580142114987,15.551925693150775,14.156569261653331,69.99142774958776,72.00603728624759,34.47440515971848,36.48901469637831,157.19656,41.38689755029162,65.52772711430065,157.19656,1.4750292340205837,7.128172327249607,3.029669510012429,28.87164222076228,14.156569261653331,14.90985237507997,15.885094560036885,176.48555959337048,173.08165456003687
3.1914714986149204,3.5744480784487105,2.9020799545410583,2.5828511595415424,12.216006400536818,12.582486592552923,13.617547687765214,13.209021257132257,1.476324228871686,7.286801590193714,3.097130580084964,28.846048949947587,29.330304620507192,12.724406982202082,50.00184241376458,15.978061912561001,14.11424748829129,76.95278068117656,79.1356808374624,35.735785764966046,37.918685921251864,158.80034,42.05471160270927,65.9799043263256,158.80034,1.476324228871686,7.286801590193714,3.097130580084964,28.846048949947587,14.11424748829129,15.407477899151738,16.519627642306272,178.26264666557583,175.31996764230627
1.50040070499949,1.6804487895994284,1.4686573188987813,1.307105013819916,11.5209018896367,11.866528946325799,11.89507309292368,11.538220900135968,1.480315373077952,7.776487550535336,3.51771240668427,28.91049261723947,28.99344147436279,12.081857134000503,56.774234688225285,15.142105568815088,13.056372276073217,80.394570305782,82.68151221852513,38.55416695225659,40.841108864999725,164.09270999999995,41.07529860836329,71.91634025704037,164.09270999999995,1.480315373077952,7.776487550535336,3.51771240668427,28.91049261723947,13.056372276073217,13.021302594636191,13.363730411822463,180.7543216836501,177.45644041182243
1.9715599559906944,2.2081471507095776,2.541132306632936,2.2616077529033123,12.196987023324782,12.562896634024527,12.65903934352735,12.279268163221532,1.7867755208816198,7.838757002400411,3.562881658739973,28.24734518480096,29.341847606523448,11.355534837546132,66.01950603200984,10.745807284755639,13.136917797908206,78.51952610477964,80.79046306334811,39.97050279678717,42.241439755355636,164.06918,40.697382444069575,76.76531331676547,164.06918,1.7867755208816198,7.838757002400411,3.562881658739973,28.24734518480096,13.136917797908206,14.168546979315478,15.200171650160287,186.2039199048817,179.26935165016027
2.6806402304915684,3.0023170581505565,2.8811159343112016,2.5641931815369703,12.319028356873686,12.688599207579895,13.868855181594345,13.452789526146514,1.8249056305780949,7.855051677480113,3.100232705115925,28.01018662030701,29.71986263106776,12.350918518399002,68.12648545350334,11.942774617970553,10.47491875996072,85.41220541158391,87.94321074554932,41.16850692414809,43.6995122581135,165.08052,42.07078114946676,80.06926007147389,165.08052,1.8249056305780949,7.855051677480113,3.100232705115925,28.01018662030701,10.47491875996072,14.999668587365253,16.74997111590555,188.40500520174777,181.83049111590555
2.1405317169945377,2.397395523033883,3.224523256095548,2.869825697925038,12.204151794468842,12.570276348302906,13.170532982325106,12.775416992855353,1.480644251767101,7.4124586903545,3.0478520004675196,28.068889080235383,29.51111563505615,13.077455415023953,67.14062183496843,15.626256572471009,9.514846697173969,84.03032080894148,86.4936866818425,39.8150327124599,42.27839858536092,166.30205999999998,42.5885710500801,82.76687840743942,166.30205999999998,1.480644251767101,7.4124586903545,3.0478520004675196,28.068889080235383,9.514846697173969,14.34468351146338,16.395056238420654,189.2248236889814,182.69711623842062
1.8749713487049162,2.0999679105495064,3.4001996397495224,3.026177679377075,12.615175276146424,12.993630534430817,13.37512548586361,12.973871721287702,1.4780445829951994,7.062286456361726,2.878199388328803,27.708094112590764,29.776405765180215,13.093309592340544,65.15054468892146,14.272085615173886,9.316689698537287,78.25794598098838,80.54693458540406,39.25138961424565,41.540378218661324,163.29315999999997,42.869715357520754,79.42263030409534,163.29315999999997,1.4780445829951994,7.062286456361726,2.878199388328803,27.708094112590764,9.316689698537287,14.490146624851342,16.77532512561313,185.2258065252812,180.0684851256131
1.6660021448706182,1.8659224022550924,3.0275364666284186,2.6945074552992927,13.46159440946062,13.865442241744441,14.37704353819347,13.94573223204767,1.4764395830270214,6.824153432024618,2.814564861119295,29.55056789544766,30.104015115002436,13.508605304969159,52.800322252859225,14.084476990736588,12.895168258285807,72.87846896233967,75.02094746362143,35.61918617768586,37.76166467896763,158.53802,43.61262041997159,66.88479924359582,158.53802,1.4764395830270214,6.824153432024618,2.814564861119295,29.55056789544766,12.895168258285807,15.12759655433124,17.40458000482189,179.18591024780306,175.94260000482188
2.9409810324551695,3.2938987563497903,2.16842399530494,1.9298973558213972,12.648754283650632,13.028216912160154,13.087156927443408,12.694542219620107,1.4784625733173737,6.922832752969569,3.037361964613683,30.447823359733498,29.568597346391574,12.733560200145865,52.42961591025631,13.409555797127975,13.987033699586886,71.9509395631822,73.99236569162098,34.05101489792453,36.092441026363325,161.36491999999998,42.302157546537444,65.8391717073843,161.36491999999998,1.4784625733173737,6.922832752969569,3.037361964613683,30.447823359733498,13.987033699586886,15.589735316105804,15.255580922748349,179.60457892024854,176.62050092274833
2.4852510278282884,2.7834811511676834,2.9470213258037,2.6228489799652936,13.305612293921923,13.704780662739578,14.231700713802919,13.80474969238883,1.4805136672464536,7.470832757973621,3.457282969092948,30.424828600035486,29.453692384332413,13.156016683951854,58.271778621190215,14.553052489803562,13.813490132456012,80.39021341454746,82.68432882938347,37.53991910586167,39.834034520697706,167.62437,42.60970906828426,72.82483111099378,167.62437,1.4805136672464536,7.470832757973621,3.457282969092948,30.424828600035486,13.813490132456012,15.79086332175021,17.17872203960662,187.87235162783278,184.80309203960664
2.281104675904511,2.5548372370130523,3.3351363653820125,2.968271365189991,13.049010511778642,13.440480827132001,14.224297057018033,13.797568145307489,1.479501895556786,6.885833144378256,3.41698720392014,29.21932266146878,30.16245488272145,13.401822902451444,67.13844520175631,14.783816262833547,8.580132111334406,86.74911434803347,89.28585397914607,41.706674239590335,44.24341387070294,167.89641999999998,43.5642777851729,81.92226146458987,167.89641999999998,1.479501895556786,6.885833144378256,3.41698720392014,29.21932266146878,8.580132111334406,15.330115187683152,17.559433422400044,190.3984314541043,185.45585342240003
1.9647127901916077,2.200478325014601,3.6969129915994183,3.2902525625234817,12.18367812356611,12.549188467273096,15.423506364066583,14.960801173144585,1.4801109336378018,7.218798099264095,3.3641271391443013,29.39883133929284,29.916920401488472,13.417077382006859,73.63856070390469,12.959808446560611,8.862051647901723,89.98436947881163,92.63560591979488,44.8007526942619,47.45198913524516,169.38891999999998,43.33399778349533,86.59836915046532,169.38891999999998,1.4801109336378018,7.218798099264095,3.3641271391443013,29.39883133929284,8.862051647901723,14.14839091375772,19.120419355665998,194.4046770069591,188.509339355666
1.2955129993170895,1.4509745592351402,2.8012861564033065,2.4931446791989433,14.035223518332744,14.456280223882727,12.73370016077801,12.351689155954672,1.5538513314370237,8.708687681405399,3.4117024666638107,30.55714763453417,29.05054919571098,13.017722576470833,63.544676856139034,11.921423856663708,13.873850356491845,80.97341970470332,83.35129887216192,41.4926413666012,43.87052053405981,170.83092999999997,42.06827177218181,75.46610071280274,170.83092999999997,1.5538513314370237,8.708687681405399,3.4117024666638107,30.55714763453417,13.873850356491845,15.330736517649832,15.534986317181318,190.97034847316664,186.36591631718127
2.3569693508090497,2.6398056729061357,0.6262835274423497,0.557392339423691,14.914918754593806,15.36236631723162,14.426838436223619,13.99403328313691,1.6365794250483783,9.55434998610742,3.550577015548789,31.805952105438767,28.775790696557717,12.981071838108788,52.242306806309806,10.057606038109316,17.92231686607487,74.85925188089672,77.06751356697838,38.15980360617714,40.36806529225881,167.55653999999998,41.75686253466651,62.29991284441912,167.55653999999998,1.6365794250483783,9.55434998610742,3.550577015548789,31.805952105438767,17.92231686607487,17.27188810540286,15.053121963665971,185.79843888270668,182.60966196366596
0.9292482802432067,1.0407580738723914,0.9384280285552346,0.8352009454141587,13.016900144117814,13.407407148441347,14.495214622376999,14.060358183705688,1.4906193084855746,8.945585270729305,3.343776849628646,31.18580057458764,28.871278965694902,12.97353467774323,53.38178057530284,13.292244855363899,14.958539380192846,80.24398290753246,82.57304634418705,38.152152415028525,40.48121585168314,162.4347,41.84481364343813,66.67402543066673,162.4347,1.4906193084855746,8.945585270729305,3.343776849628646,31.18580057458764,14.958539380192846,13.946148424361022,15.433642650932233,182.38930888208992,177.8683426509322
0.5966987903092097,0.6683026451463151,2.0275664457451748,1.8045341367132055,12.022510897768568,12.383186224701623,14.564005235522629,14.12708507845695,1.4891231493476464,8.694113428421133,3.1050271894949932,31.190469412287808,28.153405847568532,12.26553458291597,61.48140799052146,13.352978163661959,13.34746343800302,83.65830348849713,86.09621894668403,40.08124107156576,42.519156529752685,164.49372,40.418940430484504,74.83438615418342,164.49372,1.4891231493476464,8.694113428421133,3.1050271894949932,31.190469412287808,13.34746343800302,12.619209688077778,16.591571681267805,185.6987328903003,181.08529168126782
0.5366014890687556,0.6009936677570064,0.9632240384539015,0.8572693942239723,14.087004949473663,14.509615097957875,14.687139522498638,14.246525336823682,1.4916263939431926,8.92715182020217,3.344798656647878,31.770640470675108,28.640819022431227,12.09095882755556,60.093057748968576,12.210920594708785,14.870783980865559,84.06730385270431,86.54515531992797,40.55654944662884,43.034400913852515,169.52456,40.731777849986784,72.30397834367736,169.52456,1.4916263939431926,8.92715182020217,3.344798656647878,31.770640470675108,14.870783980865559,14.623606438542419,15.65036356095254,188.06436395454045,185.17492356095255
0.49360659063853896,0.5528393815151637,1.5944382703547642,1.4190500606157401,12.075428940987516,12.437691809217144,14.231012316282365,13.804081946793893,1.5174132257296862,10.303633630163421,3.418146835174892,31.848049656959674,28.182048726893733,11.857109965106428,57.03002813392088,13.48378435885275,16.72315888142138,72.75394060296111,74.88911141249356,38.56698372281794,40.70215453235036,168.78537999999998,40.03915869200016,70.51381249277364,168.78537999999998,1.5174132257296862,10.303633630163421,3.418146835174892,31.848049656959674,16.72315888142138,12.569035531626056,15.82545058663713,186.93240894584892,184.61083058663712
2.0647059112386215,2.3124706205872565,0.24033746878291587,0.21390034721679516,13.509769046480791,13.915062117875216,12.447142122942136,12.073727859253871,1.851504364140813,10.013538167112385,3.3636733729367854,31.84617599686757,28.07260024972989,11.245102158707208,53.54762768931145,12.341236863616015,17.776066132033357,68.14296825660554,70.02894444917398,37.19101783138005,39.07699402394849,169.71604,39.3177024084371,65.88886455292747,169.71604,1.851504364140813,10.013538167112385,3.3636733729367854,31.84617599686757,17.776066132033357,15.574474957719413,12.687479591725051,185.6319999521749,182.40351959172503
0.8854989589845642,0.9917588340627121,0.3213839893403544,0.2860317505129154,13.881666340669717,14.29811633088981,14.321495538793128,13.891850672629337,2.127067997838097,10.021260250859443,3.2527433353017012,31.831610800965723,28.45735442405316,11.112076602598814,59.47589003936745,10.415560455871558,17.23600427905179,66.67810896202663,68.55297498689625,39.44975962136258,41.32462564623218,170.33454999999998,39.569431026651976,69.89145049523901,170.33454999999998,2.127067997838097,10.021260250859443,3.2527433353017012,31.831610800965723,17.23600427905179,14.767165299654282,14.64287952813348,188.69673348556202,184.97742952813348
1.0015693192443835,1.1217576375537095,0.8024627236359841,0.714191824036026,13.448636671021253,13.85209577115189,13.953169942947765,13.53457484465933,2.1044987694560007,7.461205311588323,3.2657021241620128,31.812891692221644,28.734984382725944,11.624128251847392,59.864074474463656,9.252078336515773,16.448142917120077,69.0226835559924,70.9664885022976,39.80541771462185,41.749222660927046,166.15169,40.359112634573336,69.11615281097943,166.15169,2.1044987694560007,7.461205311588323,3.2657021241620128,31.812891692221644,16.448142917120077,14.450205990265637,14.75563266658375,185.01791225036646,180.90732266658375
0.7747674005209951,0.8677394885835145,1.4542261061422013,1.294261234466559,14.296717388110439,14.725618909753754,15.141135992773703,14.686901912990491,1.4955291478591357,6.1110911158050705,2.8533447979526834,31.461935325532053,29.861728625154246,12.014872367539448,55.87979556086307,13.471851882813338,13.827409274119084,66.81085860261018,68.78240222147298,36.03574558819172,38.0072892070545,160.35412999999997,41.87660099269369,69.35164744367641,160.35412999999997,1.4955291478591357,6.1110911158050705,2.8533447979526834,31.461935325532053,13.827409274119084,15.071484788631436,16.595362098915906,182.04904288626958,176.9494920989159
0.5444507188052972,0.6097848050619328,1.8017758256053273,1.6035804847887412,12.960217400789954,13.34902392281365,14.772701346945166,14.329520306536812,1.4889708225727925,6.372410558553188,2.682252339103082,31.158208832261575,30.126785954439463,12.098742013008623,62.99041035235885,15.44491918101897,10.23685721079462,74.60719258645285,76.76350389844724,39.03901113516993,41.19532244716432,162.13232,42.22552796744809,78.43532953337782,162.13232,1.4889708225727925,6.372410558553188,2.682252339103082,31.158208832261575,10.23685721079462,13.504668119595252,16.574477172550495,186.10422538370642,178.70679717255047
0.4346968705555334,0.4868604950221974,2.7609719941144153,2.4572650747618296,12.435788800603614,12.808862464621724,15.330377860124235,14.870466524320506,1.4907452210118874,7.095842826302728,2.8308204313755385,31.251745600844668,29.816358338425765,12.497648703353562,66.4897249777767,15.05048952083873,10.27133685673104,76.66123027124523,78.8762616259034,40.57666937033446,42.79170072499263,167.05443999999997,42.31400704177933,81.54021449861543,167.05443999999997,1.4907452210118874,7.095842826302728,2.8308204313755385,31.251745600844668,10.27133685673104,12.870485671159148,18.09134985423865,189.66519814781975,185.14578985423861
0.3709440168996,0.415457298927552,0.4814563566829808,0.4284961574478529,13.747787755190732,14.160221387846454,14.022209879875009,13.601543583478756,1.797956565578421,10.280545951891781,3.034172004475819,31.65729431023823,29.492363840930274,11.743659620414908,55.86721130880147,11.141899411316665,15.945781638213498,67.78521894500565,69.8427832159181,36.92946443793891,38.98702870885136,166.81744999999998,41.236023461345184,67.00911072011814,166.81744999999998,1.797956565578421,10.280545951891781,3.034172004475819,31.65729431023823,15.945781638213498,14.11873177209033,14.50366623655799,185.07961642395142,181.321116236558
2.598790209767854,2.9106450349399977,0.4879630855999131,0.4342871461839226,15.165821802834675,15.620796456919717,15.529608352254698,15.063720101687059,2.3098920171265376,11.630748795159915,3.2448276218800345,31.742518872061307,30.00861147411854,12.125904709141636,49.85296184623064,8.638802884597323,19.634918246051427,68.36547926267394,70.4284002965582,35.919513234331,37.98243426821525,168.18133,42.134516183260175,58.491764730827974,168.18133,2.3098920171265376,11.630748795159915,3.2448276218800345,31.742518872061307,19.634918246051427,17.764612012602527,16.01757143785461,186.9537984789699,184.1989014378546
0.815057947215164,0.9128649008809832,0.15213293296519567,0.13539831033902416,13.669555099217286,14.079641752193803,13.43817237300352,13.035027201813417,1.851259479449637,10.421582184135707,3.2889616378117363,31.737794271073447,28.939170884417685,11.92214673877001,54.11914340150278,10.048953458545531,18.78992489136577,68.5999385592208,70.6975373256734,37.598933495303,39.6965322617556,169.22824999999997,40.861317623187695,64.16809686004831,169.22824999999997,1.851259479449637,10.421582184135707,3.2889616378117363,31.737794271073447,18.78992489136577,14.484613046432449,13.590305305968716,185.60354999350474,182.8185553059687
0.21365345528771776,0.23929186992224394,0.4330279942486305,0.3853949148812812,12.568767443035325,12.945830466326385,15.34034905628496,14.880138584596413,1.6348454096741245,7.5407512562411085,3.2864548065951267,31.692763792938308,29.265098567139802,11.510042776781196,60.80499590464451,11.09154444620226,15.05689145381703,70.01345475765268,72.06573110896913,39.97690830420334,42.029184655519785,165.79017000000002,40.77514134392099,71.89654035084678,165.79017000000002,1.6348454096741245,7.5407512562411085,3.2864548065951267,31.692763792938308,15.05689145381703,12.782420898323043,15.773377050533592,184.66580931235652,181.56354705053363
0.2362769923786977,0.2646302314641414,0.48008831892018067,0.42727860383896077,13.814257227392444,14.228684944214216,14.736381843996286,14.294290388676394,1.800504230085461,7.690575514319981,3.294365706701852,31.711618881743153,28.92844513514791,11.032521307419405,58.98224376692937,7.134734509481887,15.210770426421485,70.7245802732671,72.77318757188458,39.483890450448854,41.532497749066344,161.20683,39.96096644256732,66.11697827641126,161.20683,1.800504230085461,7.690575514319981,3.294365706701852,31.711618881743153,15.210770426421485,14.050534219771142,15.216470162916465,179.83631369802163,176.42330016291646
0.4600081689803494,0.5152091492579915,1.602602232853159,1.4263159872393112,13.123618486152546,13.517327040737122,13.10941014001908,12.716127835818506,1.6180706740292417,8.766581454305785,3.2259437782084217,31.714190800299775,28.372580807959444,12.167703387565535,59.10267902070382,9.428724275889559,13.98412148868067,72.54689798802268,74.75077530283102,40.095453024637706,42.299330339446016,163.92459,40.540284195524976,68.53140329659337,163.92459,1.6180706740292417,8.766581454305785,3.2259437782084217,31.714190800299775,13.98412148868067,13.583626655132896,14.712012372872238,181.96422234277512,178.63660237287223
1.2097032845239528,1.354867678666827,1.2637233840108295,1.1247138117696382,14.284016373495971,14.71253686470085,14.439028490261675,14.005857635553822,1.4925806000569921,9.064472456128598,3.2763356732486657,31.80030627877397,29.38051018144639,13.03473414040343,58.957778616286056,11.946358096276517,13.848331293964966,73.38541085138736,75.54090087274514,41.84433503240146,43.999825053759245,169.71185,42.41524432184982,70.90413671256258,169.71185,1.4925806000569921,9.064472456128598,3.2763356732486657,31.80030627877397,13.848331293964966,15.493719658019923,15.702751874272504,188.2951269946055,185.4146018742725
1.7061112826337907,1.9108446365498455,1.7721004737429562,1.5771694216312306,14.398788008648811,14.830751648908278,16.07962183242106,15.597233177448429,1.580885084161187,8.586102122881314,3.310376547852303,31.795293747433277,29.709491800017826,12.99609869870514,60.74451823098921,11.192895600930305,14.453753295147516,75.12117270628879,77.34817058626363,41.29770956877998,43.524707448754825,169.91834999999998,42.70559049872297,71.9374138319195,169.91834999999998,1.580885084161187,8.586102122881314,3.310376547852303,31.795293747433277,14.453753295147516,16.104899291282603,17.851722306164017,190.47431441940068,187.770072306164
1.3925404999489857,1.559645359942864,0.552234699248747,0.4914888823313849,15.187794143349892,15.643427967650393,15.527100953642808,15.061287925033525,1.798966259815406,7.646047265091167,3.469962291623988,31.560413764023238,29.513544481243066,12.3389331666381,62.29616693212369,10.369172614341517,15.047807515345566,77.49418810711457,79.82081975606894,40.58389997117221,42.9105316201266,171.09865999999997,41.852477647881166,72.66533954646522,171.09865999999997,1.798966259815406,7.646047265091167,3.469962291623988,31.560413764023238,15.047807515345566,16.58033464329888,16.079335652891555,190.6213489335446,187.17799565289152
0.6245882563737457,0.6995388471385955,3.3831609171149823,3.0110132162323344,13.119732997465219,13.513324987389176,15.043793295476565,14.592479496612269,1.5661388911537748,6.141328978648438,3.242209009705363,31.204229020571354,30.243781846234032,12.747701570710245,71.71161597201822,14.238668003958281,9.78202506099348,84.01725943902838,86.54294052398765,43.454286931852664,45.97996801681194,171.76872,42.99148341694428,85.95028397597649,171.76872,1.5661388911537748,6.141328978648438,3.242209009705363,31.204229020571354,9.78202506099348,13.744321253838963,18.426954212591546,194.62201960783213,190.19567421259154
0.6917672819768739,0.774779355814099,1.9433952176201184,1.7296217436819057,15.998493430435778,16.478448233348853,14.390423767250732,13.958711054233213,1.7313278508920829,5.562956855560077,2.6929204019340545,31.078339555628574,29.797933194176156,12.896915901286963,61.35477318338442,15.016915380365518,11.77689545606963,85.5791508395531,88.11670048247133,41.25655329836601,43.79410294128421,167.97856,42.69484909546312,76.37168856374994,167.97856,1.7313278508920829,5.562956855560077,2.6929204019340545,31.078339555628574,11.77689545606963,16.690260712412652,16.33381898487085,188.59923849171014,184.31237898487086
